time_s,snd01,snd02,snd03,snd04,snd05,snd06,snd07,snd08,snd09,snd10,snd11,snd12,snd13,snd14,snd15,snd16,snd17,snd18,snd19,snd20,snd21,snd22
6.944000e-06,1.293000e-11,1.615000e-11,2.322000e-11,3.020000e-11,2.792000e-11,2.396000e-11,2.806000e-11,3.427000e-11,4.588000e-11,6.919000e-11,5.781000e-11,4.174000e-11,2.346000e-11,1.657000e-11,1.598000e-11,1.919000e-11,2.057000e-11,2.495000e-11,2.621000e-11,2.891000e-11,2.505000e-11,2.618000e-11
8.102000e-06,1.221000e-11,1.480000e-11,2.167000e-11,2.815000e-11,2.586000e-11,2.220000e-11,2.614000e-11,3.150000e-11,4.242000e-11,6.607000e-11,5.490000e-11,3.946000e-11,2.232000e-11,1.562000e-11,1.541000e-11,1.778000e-11,1.939000e-11,2.369000e-11,2.499000e-11,2.737000e-11,2.381000e-11,2.479000e-11
9.259000e-06,1.152000e-11,1.388000e-11,2.005000e-11,2.632000e-11,2.400000e-11,2.089000e-11,2.420000e-11,2.923000e-11,3.927000e-11,6.325000e-11,5.195000e-11,3.731000e-11,2.108000e-11,1.507000e-11,1.491000e-11,1.659000e-11,1.827000e-11,2.260000e-11,2.388000e-11,2.584000e-11,2.257000e-11,2.368000e-11
1.065000e-05,1.081000e-11,1.321000e-11,1.843000e-11,2.445000e-11,2.225000e-11,1.964000e-11,2.227000e-11,2.708000e-11,3.621000e-11,6.017000e-11,4.887000e-11,3.500000e-11,1.980000e-11,1.467000e-11,1.431000e-11,1.555000e-11,1.728000e-11,2.149000e-11,2.271000e-11,2.421000e-11,2.131000e-11,2.253000e-11
1.227000e-05,9.959000e-12,1.235000e-11,1.669000e-11,2.222000e-11,2.028000e-11,1.809000e-11,2.020000e-11,2.459000e-11,3.279000e-11,5.621000e-11,4.516000e-11,3.218000e-11,1.840000e-11,1.402000e-11,1.350000e-11,1.448000e-11,1.622000e-11,2.009000e-11,2.117000e-11,2.232000e-11,1.986000e-11,2.099000e-11
1.401000e-05,9.045000e-12,1.131000e-11,1.497000e-11,1.991000e-11,1.827000e-11,1.645000e-11,1.817000e-11,2.204000e-11,2.931000e-11,5.182000e-11,4.129000e-11,2.926000e-11,1.701000e-11,1.319000e-11,1.261000e-11,1.345000e-11,1.508000e-11,1.856000e-11,1.945000e-11,2.040000e-11,1.834000e-11,1.928000e-11
1.609000e-05,8.248000e-12,1.036000e-11,1.349000e-11,1.795000e-11,1.657000e-11,1.500000e-11,1.645000e-11,1.989000e-11,2.636000e-11,4.794000e-11,3.798000e-11,2.674000e-11,1.582000e-11,1.238000e-11,1.181000e-11,1.257000e-11,1.405000e-11,1.721000e-11,1.792000e-11,1.873000e-11,1.700000e-11,1.777000e-11
1.852000e-05,7.463000e-12,9.399000e-12,1.206000e-11,1.606000e-11,1.490000e-11,1.357000e-11,1.477000e-11,1.782000e-11,2.351000e-11,4.402000e-11,3.471000e-11,2.429000e-11,1.465000e-11,1.155000e-11,1.099000e-11,1.169000e-11,1.300000e-11,1.585000e-11,1.639000e-11,1.709000e-11,1.563000e-11,1.626000e-11
2.130000e-05,6.658000e-12,8.387000e-12,1.061000e-11,1.412000e-11,1.318000e-11,1.206000e-11,1.304000e-11,1.574000e-11,2.064000e-11,3.977000e-11,3.135000e-11,2.180000e-11,1.343000e-11,1.065000e-11,1.012000e-11,1.077000e-11,1.188000e-11,1.441000e-11,1.480000e-11,1.537000e-11,1.418000e-11,1.467000e-11
2.442000e-05,5.891000e-12,7.421000e-12,9.260000e-12,1.234000e-11,1.159000e-11,1.063000e-11,1.144000e-11,1.382000e-11,1.802000e-11,3.565000e-11,2.815000e-11,1.946000e-11,1.226000e-11,9.761000e-12,9.260000e-12,9.858000e-12,1.079000e-11,1.302000e-11,1.328000e-11,1.375000e-11,1.276000e-11,1.315000e-11
2.801000e-05,5.148000e-12,6.489000e-12,7.995000e-12,1.065000e-11,1.007000e-11,9.264000e-12,9.913000e-12,1.202000e-11,1.557000e-11,3.153000e-11,2.504000e-11,1.722000e-11,1.110000e-11,8.872000e-12,8.391000e-12,8.939000e-12,9.711000e-12,1.165000e-11,1.179000e-11,1.217000e-11,1.137000e-11,1.166000e-11
3.229000e-05,4.465000e-12,5.621000e-12,6.831000e-12,9.108000e-12,8.669000e-12,7.986000e-12,8.517000e-12,1.037000e-11,1.334000e-11,2.765000e-11,2.213000e-11,1.513000e-11,9.993000e-12,8.016000e-12,7.548000e-12,8.062000e-12,8.674000e-12,1.035000e-11,1.040000e-11,1.069000e-11,1.005000e-11,1.024000e-11
3.704000e-05,3.834000e-12,4.819000e-12,5.777000e-12,7.699000e-12,7.392000e-12,6.810000e-12,7.252000e-12,8.872000e-12,1.133000e-11,2.400000e-11,1.941000e-11,1.319000e-11,8.939000e-12,7.202000e-12,6.725000e-12,7.215000e-12,7.691000e-12,9.112000e-12,9.091000e-12,9.314000e-12,8.813000e-12,8.901000e-12
4.259000e-05,3.232000e-12,4.064000e-12,4.803000e-12,6.392000e-12,6.207000e-12,5.718000e-12,6.072000e-12,7.472000e-12,9.458000e-12,2.048000e-11,1.679000e-11,1.136000e-11,7.898000e-12,6.388000e-12,5.912000e-12,6.371000e-12,6.738000e-12,7.906000e-12,7.839000e-12,7.999000e-12,7.611000e-12,7.590000e-12
4.884000e-05,2.688000e-12,3.388000e-12,3.952000e-12,5.241000e-12,5.153000e-12,4.748000e-12,5.030000e-12,6.236000e-12,7.839000e-12,1.724000e-11,1.438000e-11,9.719000e-12,6.915000e-12,5.600000e-12,5.161000e-12,5.574000e-12,5.844000e-12,6.789000e-12,6.688000e-12,6.810000e-12,6.498000e-12,6.397000e-12
5.613000e-05,2.212000e-12,2.789000e-12,3.223000e-12,4.259000e-12,4.238000e-12,3.891000e-12,4.137000e-12,5.161000e-12,6.464000e-12,1.433000e-11,1.220000e-11,8.269000e-12,6.013000e-12,4.866000e-12,4.470000e-12,4.841000e-12,5.022000e-12,5.773000e-12,5.654000e-12,5.756000e-12,5.494000e-12,5.342000e-12
6.447000e-05,1.806000e-12,2.265000e-12,2.601000e-12,3.434000e-12,3.453000e-12,3.154000e-12,3.385000e-12,4.246000e-12,5.304000e-12,1.178000e-11,1.027000e-11,6.991000e-12,5.199000e-12,4.200000e-12,3.837000e-12,4.168000e-12,4.271000e-12,4.879000e-12,4.752000e-12,4.828000e-12,4.621000e-12,4.415000e-12
7.407000e-05,1.465000e-12,1.812000e-12,2.073000e-12,2.751000e-12,2.786000e-12,2.531000e-12,2.748000e-12,3.465000e-12,4.322000e-12,9.542000e-12,8.555000e-12,5.857000e-12,4.461000e-12,3.595000e-12,3.258000e-12,3.550000e-12,3.596000e-12,4.083000e-12,3.960000e-12,4.012000e-12,3.849000e-12,3.599000e-12
8.507000e-05,1.173000e-12,1.423000e-12,1.623000e-12,2.175000e-12,2.213000e-12,1.999000e-12,2.193000e-12,2.792000e-12,3.468000e-12,7.560000e-12,7.004000e-12,4.845000e-12,3.785000e-12,3.029000e-12,2.728000e-12,2.974000e-12,2.986000e-12,3.364000e-12,3.257000e-12,3.283000e-12,3.144000e-12,2.876000e-12
9.768000e-05,9.310000e-13,1.102000e-12,1.255000e-12,1.703000e-12,1.740000e-12,1.559000e-12,1.719000e-12,2.229000e-12,2.756000e-12,5.895000e-12,5.646000e-12,3.966000e-12,3.184000e-12,2.518000e-12,2.259000e-12,2.462000e-12,2.448000e-12,2.739000e-12,2.650000e-12,2.654000e-12,2.524000e-12,2.265000e-12
1.123000e-04,7.337000e-13,8.454000e-13,9.605000e-13,1.318000e-12,1.351000e-12,1.204000e-12,1.327000e-12,1.758000e-12,2.176000e-12,4.524000e-12,4.470000e-12,3.216000e-12,2.647000e-12,2.072000e-12,1.848000e-12,2.014000e-12,1.976000e-12,2.201000e-12,2.123000e-12,2.123000e-12,1.994000e-12,1.752000e-12
1.289000e-04,5.743000e-13,6.435000e-13,7.307000e-13,1.009000e-12,1.038000e-12,9.243000e-13,1.021000e-12,1.369000e-12,1.704000e-12,3.401000e-12,3.476000e-12,2.584000e-12,2.174000e-12,1.691000e-12,1.498000e-12,1.624000e-12,1.577000e-12,1.746000e-12,1.676000e-12,1.685000e-12,1.551000e-12,1.326000e-12
1.481000e-04,4.360000e-13,4.710000e-13,5.444000e-13,7.577000e-13,7.784000e-13,6.881000e-13,7.737000e-13,1.047000e-12,1.315000e-12,2.505000e-12,2.666000e-12,2.060000e-12,1.775000e-12,1.366000e-12,1.210000e-12,1.297000e-12,1.254000e-12,1.376000e-12,1.317000e-12,1.331000e-12,1.192000e-12,9.829000e-13
1.701000e-04,3.124000e-13,3.135000e-13,3.823000e-13,5.452000e-13,5.541000e-13,4.819000e-13,5.629000e-13,7.750000e-13,9.850000e-13,1.786000e-12,1.988000e-12,1.626000e-12,1.440000e-12,1.096000e-12,9.652000e-13,1.021000e-12,9.862000e-13,1.076000e-12,1.024000e-12,1.039000e-12,8.981000e-13,7.033000e-13
1.956000e-04,2.266000e-13,1.981000e-13,2.574000e-13,3.861000e-13,3.824000e-13,3.320000e-13,4.074000e-13,5.701000e-13,7.299000e-13,1.247000e-12,1.438000e-12,1.269000e-12,1.156000e-12,8.619000e-13,7.514000e-13,7.868000e-13,7.619000e-13,8.260000e-13,7.801000e-13,7.948000e-13,6.591000e-13,4.879000e-13
2.245000e-04,1.722000e-13,1.305000e-13,1.722000e-13,2.722000e-13,2.622000e-13,2.343000e-13,3.006000e-13,4.238000e-13,5.401000e-13,8.576000e-13,1.017000e-12,9.761000e-13,9.167000e-13,6.658000e-13,5.730000e-13,5.933000e-13,5.798000e-13,6.211000e-13,5.865000e-13,5.916000e-13,4.701000e-13,3.281000e-13
2.581000e-04,1.318000e-13,8.914000e-14,1.160000e-13,1.872000e-13,1.766000e-13,1.647000e-13,2.229000e-13,3.160000e-13,3.977000e-13,5.802000e-13,7.067000e-13,7.371000e-13,7.202000e-13,5.051000e-13,4.314000e-13,4.427000e-13,4.335000e-13,4.613000e-13,4.364000e-13,4.301000e-13,3.248000e-13,2.109000e-13
2.963000e-04,1.053000e-13,6.165000e-14,8.138000e-14,1.299000e-13,1.192000e-13,1.196000e-13,1.700000e-13,2.389000e-13,2.926000e-13,3.863000e-13,4.832000e-13,5.482000e-13,5.637000e-13,3.789000e-13,3.226000e-13,3.264000e-13,3.182000e-13,3.409000e-13,3.154000e-13,3.074000e-13,2.141000e-13,1.284000e-13
3.403000e-04,8.817000e-14,4.381000e-14,6.042000e-14,9.420000e-14,8.345000e-14,9.458000e-14,1.352000e-13,1.834000e-13,2.169000e-13,2.564000e-13,3.270000e-13,4.091000e-13,4.411000e-13,2.876000e-13,2.441000e-13,2.381000e-13,2.326000e-13,2.508000e-13,2.209000e-13,2.177000e-13,1.320000e-13,7.366000e-14
3.912000e-04,7.480000e-14,3.468000e-14,4.912000e-14,7.278000e-14,6.165000e-14,8.176000e-14,1.128000e-13,1.451000e-13,1.653000e-13,1.733000e-13,2.226000e-13,3.087000e-13,3.425000e-13,2.179000e-13,1.877000e-13,1.744000e-13,1.714000e-13,1.838000e-13,1.533000e-13,1.521000e-13,7.729000e-14,3.952000e-14
