x,z
-4.257584318931118,-18.786630886118633
-4.099471062867349,-18.59510123473706
-3.9413578068035804,-18.407713677430934
-3.783244550739811,-18.224433200235737
-3.625131294676042,-18.04522478918697
-3.467018038612273,-17.870053430320134
-3.3089047825485034,-17.69888410967071
-3.1507915264847344,-17.531681813274208
-2.9926782704209653,-17.368411527166117
-2.8345650143571963,-17.209038237381932
-2.6764517582934273,-17.053526929957147
-2.518338502229658,-16.90184259092726
-2.360225246165889,-16.753950206327765
-2.2021119901021198,-16.609814762194155
-2.0439987340383503,-16.46940124456193
-1.8858854779745813,-16.332674639466198
-1.7277722219108123,-16.199599932943222
-1.5696589658470432,-16.070142111028122
-1.4115457097832742,-15.944266159756378
-1.2534324537195047,-15.821937065163498
-1.0953191976557357,-15.70311981328497
-0.9372059415919667,-15.58777939015629
-0.7790926855281972,-15.475880781812958
-0.6209794294644282,-15.367388974290462
-0.46286617340065916,-15.262268953624304
-0.30475291733689014,-15.160485705849974
-0.1466396612731211,-15.062004217002972
0.011473594790648356,-14.96678947311879
0.16958685085441783,-14.874806460232925
0.3277001069181864,-14.78602016438087
0.4858133629819559,-14.700395571598122
0.6439266190457245,-14.617897667920175
0.8020398751094939,-14.538491439382526
0.9601531311732634,-14.462141872020668
1.118266387237032,-14.388813951870098
1.2763796433008014,-14.318472664966315
1.43449289936457,-14.251082997344804
1.5926061554283395,-14.186609935041071
1.750719411492109,-14.125018464090605
1.9088326675558775,-14.066273570528901
2.066945923619647,-14.01034024039146
2.2250591796834165,-13.957183459713772
2.383172435747185,-13.90676821453133
2.5412856918109545,-13.859059490879638
2.699398947874724,-13.814022274794182
2.8575122039384926,-13.771621552310464
3.015625460002262,-13.731822309463977
3.1737387160660306,-13.694589532290214
3.3318519721298,-13.659888206824675
3.4899652281935696,-13.62768339264111
3.648078484257338,-13.597940827761352
3.8061917403211067,-13.570627000044261
3.964304996384876,-13.545708802481652
4.122418252448646,-13.523153210309388
4.280531508512415,-13.502926983451452
4.438644764576185,-13.484996394296981
4.596758020639954,-13.469326980810242
4.754871276703722,-13.455883324973563
4.912984532767491,-13.444628856563224
5.071097788831261,-13.435525682258321
5.22921104489503,-13.428534440082547
5.3873243009588,-13.423614179178955
5.545437557022567,-13.42072226491769
5.703550813086337,-13.41981430933663
5.861664069150106,-13.420844126915036
6.019777325213876,-13.42376371568012
6.177890581277645,-13.428523263646586
6.336003837341413,-13.435071180589114
6.494117093405182,-13.443354155147826
6.652230349468952,-13.453317237266662
6.810343605532721,-13.464903945964767
6.968456861596491,-13.478056402440792
7.1265701176602585,-13.492715488510154
7.284683373724028,-13.508821030375284
7.442796629787797,-13.526311979238384
7.600909885851567,-13.54512584190271
7.759023141915336,-13.565198327356962
7.917136397979106,-13.586464189076802
8.075249654042874,-13.608858115159633
8.233362910106642,-13.63231559935091
8.391476166170413,-13.656773691348729
8.549589422234181,-13.682170927588196
8.707702678297952,-13.708447412824205
8.86581593436172,-13.735545175078194
9.023929190425488,-13.763408478689245
9.182042446489259,-13.791984092923766
9.340155702553027,-13.821221516143721
9.498268958616798,-13.851073155533406
9.656382214680566,-13.881494462384797
9.814495470744333,-13.912444022941425
9.972608726808105,-13.943883604800849
10.130721982871872,-13.97577815887564
10.288835238935643,-14.00809577691296
10.446948494999411,-14.040807604572649
10.605061751063179,-14.073887710063929
10.76317500712695,-14.107312908340607
10.921288263190718,-14.141062540854858
11.079401519254489,-14.17511821086957
11.237514775318257,-14.209463474329231
11.395628031382024,-14.244083492772024
11.553741287445796,-14.278967178036849
11.711854543509563,-14.314112241593747
11.869967799573331,-14.34952256371893
12.028081055637102,-14.385204393764617
12.18619431170087,-14.421162750949552
12.344307567764641,-14.457398065037397
12.502420823828409,-14.493904114524554
12.660534079892177,-14.53066663416842
12.818647335955948,-14.56766131985033
12.976760592019716,-14.604852029954294
13.134873848083487,-14.64218923170785
13.292987104147254,-14.679608692485003
13.451100360211026,-14.717030416071264
13.609213616274793,-14.75435782389079
13.767326872338561,-14.791477181195607
13.925440128402332,-14.82825726821694
14.0835533844661,-14.86454929627864
14.241666640529871,-14.900187068872704
14.399779896593639,-14.93498738769689
14.557893152657407,-14.96875070365442
14.716006408721178,-15.001262012815815
14.874119664784946,-15.032291997342773
15.032232920848717,-15.061598411374186
15.190346176912485,-15.08892771187423
15.348459432976252,-15.114016934442567
15.506572689040024,-15.136592653096775
15.664685945103791,-15.156355093595199
15.822799201167562,-15.172981375193142
15.98091245723133,-15.186138392258004
16.139025713295098,-15.19549522364561
16.29713896935887,-15.200735041673727
16.455252225422637,-15.201563019312573
16.613365481486408,-15.197707380789502
16.771478737550176,-15.18892477365107
16.929591993613943,-15.175005895481714
17.087705249677715,-15.155780384215022
17.245818505741482,-15.131120972037566
17.403931761805254,-15.100946902885399
17.56204501786902,-15.065226613533092
17.72015827393279,-15.023979678275404
17.87827152999656,-14.977278017201549
18.036384786060328,-14.92524636806203
18.1944980421241,-14.868062021728118
18.352611298187867,-14.805953821243904
18.510724554251635,-14.739200424470942
18.668837810315406,-14.668127830325519
18.826951066379173,-14.59310616860849
18.985064322442945,-14.514545753427747
19.143177578506712,-14.432892400213255
19.301290834570484,-14.348622006324707
19.45940409063425,-14.262235272260986
19.61751734669802,-14.174265888064475
19.77563060276179,-14.085280244330214
19.933743858825558,-13.995859411223847
20.09185711488933,-13.906580534190962
20.249970370953097,-13.817998227689401
20.408083627016865,-13.730630334716306
20.566196883080636,-13.644967381840345
20.724310139144404,-13.561473351012026
20.882423395208175,-13.480579862754244
21.040536651271943,-13.402681079883397
21.19864990733571,-13.328129345660885
21.35676316339948,-13.257231556374972
21.51487641946325,-13.190246268353098
21.67298967552702,-13.127381539404574
21.831102931590788,-13.06879350469366
21.989216187654556,-13.014585687043079
22.147329443718327,-12.9648090416679
22.305442699782095,-12.919462735339833
22.463555955845866,-12.87849565998194
22.621669211909634,-12.841808680693722
22.7797824679734,-12.80925761820663
22.937895724037173,-12.780656965769941
23.09600898010094,-12.755784340467098
23.25412223616471,-12.734385668962375
23.41223549222848,-12.716181101305551
23.57034874829225,-12.700870984923835
23.728462004356018,-12.688142218354976
23.886575260419786,-12.677676920231523
24.044688516483557,-12.669161975689677
24.202801772547325,-12.662299265196102
24.360915028611096,-12.656815363964684
24.519028284674864,-12.652451511179331
24.67714154073863,-12.648951112387515
24.835254796802403,-12.64605974723405
24.99336805286617,-12.64352554589656
25.15148130892994,-12.64109951350854
25.30959456499371,-12.638535802569931
25.467707821057477,-12.635591933345276
25.62582107712125,-12.632028962249425
25.783934333185016,-12.627611598220806
25.942047589248787,-12.622108267082226
26.100160845312555,-12.615291123889273
26.258274101376323,-12.60693601326622
26.416387357440094,-12.596822377729538
26.57450061350386,-12.584733113998915
26.732613869567633,-12.570454377295883
26.8907271256314,-12.553775333629956
27.048840381695168,-12.534487860072355
27.20695363775894,-12.512386193017262
27.365066893822707,-12.487266524430668
27.52318014988648,-12.458920997839645
27.681293405950246,-12.427114475820469
27.839406662014017,-12.391587774291306
27.99751991807778,-12.352069428923821
28.155633174141553,-12.3082864954196
28.313746430205324,-12.259974392066532
28.471859686269095,-12.206886713155606
28.62997294233286,-12.148805180442821
28.78808619839663,-12.085547590315256
28.9461994544604,-12.01697470531648
29.104312710524166,-11.94299623115906
29.262425966587937,-11.863575879224221
29.42053922265171,-11.778735514548572
29.578652478715473,-11.688558389298
29.736765734779244,-11.593191461728651
29.894878990843015,-11.492846800635032
30.052992246906786,-11.387802075285244
30.21110550297055,-11.278400130843314
30.36921875903432,-11.16504764927866
30.527332015098093,-11.048212895762665
30.685445271161857,-10.928422550552362
30.84355852722563,-10.806257626361257
31.0016717832894,-10.682348471217246
31.15978503935317,-10.557368856807667
31.317898295416935,-10.432029152311454
31.476011551480706,-10.30707157560313
31.634124807544477,-10.183295341452375
31.79223806360824,-10.06155618414722
31.950351319672013,-9.942735683920072
32.10846457573579,-9.827710654155439
32.26657783179955,-9.717323111200026
32.42469108786332,-9.612358493195497
32.582804343927094,-9.513553188365556
32.740917599990865,-9.421588183757125
32.89903085605463,-9.33707733703908
33.0571441121184,-9.260557145133872
33.21525736818217,-9.192478009964464
33.373370624245936,-9.133197001316526
33.53148388030971,-9.082972116815913
33.68959713637348,-9.041958039021422
33.84771039243724,-9.01020338963284
34.005823648501014,-8.987649480814254
34.163936904564785,-8.974130563632642
34.32205016062856,-8.969375573611762
34.48016341669232,-8.973011373401302
34.63827667275609,-8.98456749256131
34.79638992881986,-9.003482364461911
34.95450318488363,-9.029111060298302
35.1126164409474,-9.060734520221025
35.27072969701117,-9.097570281581513
35.428842953074934,-9.138784262805249
35.586956209138705,-9.183483678990347
35.74506946520248,-9.230710232452731
35.90318272126625,-9.279472283148843
36.06129597733001,-9.328780308090678
36.21940923339378,-9.377682544664243
36.377522489457554,-9.425296683744682
36.53563574552132,-9.470796479811662
36.69374900158509,-9.51340133714181
36.85186225764886,-9.552386611696797
37.00997551371263,-9.587092977445161
37.168088769776396,-9.61693447947226
37.32620202584017,-9.641405273878352
37.48431528190394,-9.660085054464798
37.6424285379677,-9.67264316620837
37.800541794031474,-9.67884140552371
37.958655050095246,-9.678535507313875
38.11676830615901,-9.671675318809045
38.27488156222278,-9.658303660193331
38.43299481828655,-9.638553872019688
38.59110807435032,-9.612646049413001
38.74922133041409,-9.580881963061234
38.90733458647786,-9.543638666994747
39.06544784254163,-9.501360793153712
39.223561098605394,-9.454551532743661
39.381674354669165,-9.403762306389131
39.53978761073294,-9.349588493787467
39.6979008667967,-9.292677828423841
39.85601412286047,-9.233709974392426
40.01412737892424,-9.173368955419907
40.172240634988015,-9.112315163130582
40.33035389105178,-9.051157554588894
40.48846714711555,-8.990453966729795
40.64658040317932,-8.93073156052288
40.804693659243085,-8.872481544143527
40.96280691530686,-8.816152541420797
41.12092017137063,-8.762144852738727
41.27903342743439,-8.710805608391068
41.43714668349816,-8.662424814389414
41.595259939561934,-8.617232290724779
41.753373195625706,-8.575395502082555
41.91148645168947,-8.53701828101093
42.06959970775324,-8.50214044354268
42.22771296381701,-8.470738297270426
42.38582621988078,-8.44272604187525
42.54393947594455,-8.417958062108795
42.70205273200832,-8.396232113228734
42.86016598807209,-8.377293398887671
43.018279244135854,-8.360839541475475
43.176392500199626,-8.346526444914995
43.3345057562634,-8.333975049911244
43.49261901232716,-8.32277672922603
43.65073226839093,-8.312484341996493
43.8088455244547,-8.302620059432195
43.96695878051847,-8.292695580388532
44.12507203658224,-8.28223259462133
44.28318529264601,-8.270783409366349
44.44129854870978,-8.257941552794938
44.599411804773545,-8.243326591667554
44.75752506083732,-8.22658560325769
44.91563831690109,-8.207398789334434
45.07375157296485,-8.185484363793861
45.23186482902862,-8.16060271393929
45.389978085092395,-8.132559835410364
45.54809134115616,-8.101210040760964
45.70620459721993,-8.06645794168601
45.8643178532837,-8.02825970489705
46.02243110934747,-7.9866235816467235
46.18054436541124,-7.941609710902066
46.33865762147501,-7.893329196166645
46.49677087753878,-7.841942455951542
46.65488413360254,-7.787656847895183
46.812997389666315,-7.730723566532007
46.971110645730086,-7.6714338147099745
47.12922390179386,-7.610114248656926
47.28733715785762,-7.547121696695774
47.44545041392139,-7.482837512814744
47.603563669985164,-7.417670193790052
47.76167692604893,-7.352054594129894
47.9197901821127,-7.286437341436008
48.07790343817647,-7.221261337786465
48.236016694240234,-7.156950040286899
48.394129950304006,-7.093894633135222
48.55224320636778,-7.032464054922196
48.71035646243155,-6.973009302161568
48.86846971849531,-6.915859430350812
49.02658297455908,-6.861318001512175
49.184696230622855,-6.809660037253345
49.34280948668662,-6.761129477347723
49.50092274275039,-6.715937143834308
49.65903599881416,-6.674259210637204
49.817149254877926,-6.636236178704723
49.9752625109417,-6.601972356668109
50.13337576700547,-6.571535847019875
50.29148902306924,-6.544959037811739
50.449602279133,-6.522239599872193
50.607715535196775,-6.503341989543661
50.765828791260546,-6.488199456939285
50.92394204732431,-6.476716559719314
51.08205530338808,-6.468772182387106
51.24016855945185,-6.464223061104747
51.398281815515624,-6.462907812947506
51.55639507157939,-6.464651146143308
51.71450832764316,-6.469268236316022
51.87262158370693,-6.476570546560996
52.030734839770695,-6.486372281535378
52.188848095834466,-6.498497316924983
52.34696135189824,-6.512786105182534
52.505074607962,-6.529090309585357
52.66318786402577,-6.547263083353304
52.821301120089544,-6.567158818973998
52.979414376153315,-6.588633369020971
53.13752763221708,-6.611544236828681
53.29564088828085,-6.635750737024464
53.45375414434462,-6.661114125917376
53.611867400408386,-6.687497701743952
53.76998065647216,-6.714766874770895
53.92809391253593,-6.742789207254633
54.08620716859969,-6.771434423257832
54.244320424663464,-6.800574388322783
54.402433680727235,-6.830083059001727
54.560546936791006,-6.859836402244068
54.71866019285477,-6.88971228464051
54.87677344891854,-6.919590331524101
55.03488670498231,-6.949351755928186
55.19299996104608,-6.978879157401267
55.35111321710985,-7.0080562906787875
55.50922647317362,-7.03676737183234
55.66733972923738,-7.06489442401641
55.825452985301155,-7.092317090040616
55.983566241364926,-7.118913573744162
56.1416794974287,-7.144561457870358
56.29979275349246,-7.169138398240769
56.45790600955623,-7.1925231421414395
56.616019265620004,-7.214597184005909
56.77413252168377,-7.235245699938469
56.93224577774754,-7.254358272379017
57.09035903381131,-7.2718295197172305
57.24847228987508,-7.287559630856082
57.406585545938846,-7.301454804724689
57.56469880200262,-7.313427594740464
57.72281205806639,-7.323397158220647
57.88092531413015,-7.331289410743109
58.039038570193924,-7.337037085456531
58.197151826257695,-7.340579697339894
58.35526508232146,-7.341863412411304
58.51337833838523,-7.340840821886138
58.671491594449,-7.337470621284532
58.82960485051277,-7.3317171944882
58.98771810657654,-7.32355010274657
59.14583136264031,-7.312943478632267
59.30394461870408,-7.2998753249459085
59.462057874767844,-7.284326340398858
59.620171130831615,-7.266272973093835
59.778284386895386,-7.245683717963416
59.93639764295916,-7.2225218671614515
60.09451089902293,-7.1967480796559515
60.252624155086686,-7.168322565889481
60.41073741115046,-7.137207484957539
60.56885066721423,-7.1033720131314375
60.726963923278,-7.066795838226495
60.88507717934177,-7.0274714573603
61.04319043540554,-6.98540618360332
61.20130369146931,-6.940623862747724
61.35941694753307,-6.893166300194382
61.51753020359684,-6.843094397958079
61.67564345966061,-6.790489001790929
61.833756715724384,-6.7354514584239755
61.991869971788155,-6.678103882927006
62.149983227851926,-6.618589136186552
62.3080964839157,-6.5570705125020865
62.466209739979455,-6.493731137300446
62.624322996043226,-6.428773074968412
62.782436252107,-6.362416146803523
62.94054950817077,-6.294896459083069
63.09866276423454,-6.22646464125129
63.25677602029831,-6.1573837942247724
63.41488927636207,-6.087927210177646
63.57300253242584,-6.018381366744776
63.73111578848961,-5.949051091130588
63.88922904455338,-5.8802518899318414
64.04734230061715,-5.812300949780533
64.20545555668092,-5.745508263989477
64.36356881274469,-5.68016840774766
64.52168206880845,-5.616560624169463
64.67979532487222,-5.554949989729474
64.83790858093599,-5.495584143164516
64.99602183699976,-5.438690282526845
65.15413509306353,-5.384472578121779
65.3122483491273,-5.333110001329787
65.47036160519107,-5.284754569313006
65.62847486125483,-5.239530005606209
65.7865881173186,-5.197530816592218
65.94470137338237,-5.158821783861755
66.10281462944614,-5.123437872457746
66.26092788550991,-5.091384555004061
66.41904114157369,-5.062638551718696
66.57715439763746,-5.037148986311415
66.73526765370121,-5.014838957765808
66.89338090976499,-4.995607528005822
67.05149416582876,-4.979332125446716
67.20960742189253,-4.965871364430471
67.3677206779563,-4.955068280545627
67.52583393402007,-4.946753981831595
67.68394719008383,-4.940751715867382
67.8420604461476,-4.936881352744767
68.00017370221137,-4.934964283925941
68.15828695827514,-4.93482873698556
68.31640021433891,-4.936315421449441
68.47451347040268,-4.939275846697275
68.63262672646646,-4.943562575235475
68.79073998253021,-4.949028169570451
68.94885323859398,-4.955525192208617
69.10696649465775,-4.962906205656385
69.26507975072153,-4.971023772420165
69.4231930067853,-4.97973045500637
69.58130626284907,-4.9888788159214155
69.73941951891284,-4.9983214176717095
69.8975327749766,-5.007910822763664
70.05564603104037,-5.017499593703693
70.21375928710414,-5.026940292998208
70.37187254316791,-5.03608548315362
70.52998579923168,-5.0447877266763435
70.68809905529545,-5.0528995860727886
70.84621231135921,-5.060273623849367
71.00432556742298,-5.066762402512491
71.16243882348675,-5.072218484568573
71.32055207955052,-5.076494432524027
71.4786653356143,-5.079442808885263
71.63677859167807,-5.080916176158691
71.79489184774184,-5.080767096850727
71.9530051038056,-5.0788481334677815
72.11111835986937,-5.075011848516266
72.26923161593314,-5.069110804502593
72.42734487199691,-5.060997563933292
72.58545812806068,-5.05052468931454
72.74357138412445,-5.037544743152867
72.90168464018822,-5.021910287954684
73.05979789625198,-5.003473886226404
73.21791115231575,-4.982088100474439
73.37602440837952,-4.9576054932052
73.53413766444329,-4.929878626925101
73.69225092050706,-4.898760064140553
73.85036417657084,-4.864102367357967
74.0084774326346,-4.825758099083757
74.16659068869836,-4.7835798218243335
74.32470394476213,-4.737420098086109
74.4828172008259,-4.687131490375497
74.64093045688968,-4.632566561198907
