distance_m,layer_1_ohm_m,layer_2_ohm_m,layer_3_ohm_m,layer_4_ohm_m,layer_5_ohm_m,layer_6_ohm_m,layer_7_ohm_m,layer_8_ohm_m
0,18.75,21.25,25,28.75,32.5,36.25,40,42.5
10,24.607166,27.888122,32.809555,37.730988,42.652422,47.573855,52.495288,55.776244
20,32.294007,36.599875,43.058676,49.517478,55.976279,62.435081,68.893882,73.19975
30,42.382081,48.033025,56.509441,64.985857,73.462273,81.938689,90.415105,96.06605
40,55.621489,63.037687,74.161985,85.286283,96.41058,107.53488,118.65918,126.07537
50,72.996652,82.729539,97.328869,111.9282,126.52753,141.12686,155.72619,165.45908
60,95.799507,108.57278,127.73268,146.89258,166.05248,185.21238,204.37228,217.14555
70,125.72557,142.48898,167.63409,192.77921,217.92432,243.06943,268.21455,284.97796
80,165,187,220,253,286,319,352,374
