x_m,y_m,total_field_anomaly_nT
28988.63,65375.95,46.00
252.87,22269.01,-39.00
151.16,24326.11,-40.00
538.95,23067.39,-38.00
146.92,31206.86,-40.00
0.00,35412.25,-29.00
1106.15,20437.63,-36.00
765.68,26560.02,-43.00
689.40,30199.43,-41.00
445.71,34135.73,-32.00
365.89,37487.15,-27.00
185.06,41429.01,-39.00
159.64,43535.04,-30.00
1.41,47360.14,-27.00
102.42,44549.14,-31.00
1332.88,22413.56,-37.00
1105.44,29357.68,-39.00
840.56,35098.68,-32.00
808.07,36976.76,-31.00
554.49,40998.68,-39.00
483.14,43027.99,-25.00
483.14,45983.55,-26.00
315.03,50376.86,-14.00
76.99,54394.33,-5.00
1724.91,21521.78,-31.00
1308.16,32514.51,-36.00
1168.30,36922.28,-30.00
1084.95,42355.26,-60.00
960.64,43591.75,-25.00
705.64,45692.22,-24.00
717.65,49948.76,-16.00
517.76,52696.39,-24.00
508.57,56400.29,-1.00
2184.74,21360.55,-31.00
2111.99,23298.67,-35.00
1884.54,28581.54,-44.00
1739.74,30209.44,-45.00
1661.34,33064.92,-37.00
1716.43,34401.49,-36.00
1422.59,37963.06,-33.00
1428.24,41037.60,-44.00
1371.73,42390.84,-55.00
1323.70,43632.89,-25.00
1193.03,46408.31,-28.00
1089.19,48894.63,-32.00
1031.98,50401.32,-14.00
933.09,52817.59,-9.00
745.20,55621.93,-5.00
678.10,57630.11,11.00
650.55,60304.34,11.00
2540.04,22294.58,-34.00
2335.20,27075.96,-41.00
2126.82,31986.33,-41.00
2003.21,34238.03,-36.00
1897.96,37668.39,-39.00
1811.08,40775.18,-43.00
1763.05,42145.10,-80.00
1751.04,43156.97,-15.00
1530.66,47177.78,-34.00
1454.38,49309.39,-23.00
1396.46,51195.26,-18.00
1331.47,52772.00,-19.00
1210.69,55069.29,-10.00
1171.13,56144.54,-5.00
1086.37,58220.55,3.00
967.70,59925.17,2.00
2004.62,35476.74,-30.00
2716.62,27479.60,-40.00
2531.56,31705.01,-42.00
2352.85,38098.72,-33.00
2185.45,41693.65,-59.00
2173.44,42445.33,-30.00
2120.46,44067.66,-23.00
2004.62,45707.79,-23.00
1910.68,49379.44,-18.00
1635.20,54432.14,-5.00
1590.70,56653.82,9.00
1457.91,58996.69,22.00
1409.88,60090.85,72.00
2108.46,44898.29,-31.00
3165.16,27263.88,-43.00
3038.72,31222.42,-39.00
2838.12,33399.62,-36.00
2670.01,38007.54,-33.00
2625.51,43040.22,-15.00
2411.48,46738.56,-22.00
2307.65,50233.42,-13.00
1749.63,54590.04,-1.00
1497.46,56281.31,4.00
3175.05,24337.23,-33.00
3785.33,23952.50,-39.00
3653.25,26860.25,-39.00
3275.35,30054.88,-46.00
3288.77,34549.38,-37.00
3252.74,36741.03,-37.00
3182.11,39647.66,-37.00
3053.55,43060.24,-23.00
2906.63,46263.76,-21.00
2770.31,49561.80,-27.00
2554.87,54533.33,-10.00
2258.20,57100.82,4.00
2179.09,59493.73,17.00
2184.74,60415.54,62.00
3746.48,25680.47,-37.00
2751.94,53082.23,-19.00
3987.35,26045.19,-37.00
3730.24,30869.94,-46.00
3690.68,35403.35,-37.00
3677.26,37638.37,-38.00
3231.55,41822.64,-43.00
3107.94,44172.18,-43.00
3253.45,48994.71,-33.00
3026.01,52665.25,-25.00
2807.04,55436.23,-5.00
2674.95,59554.89,-3.00
2660.82,60685.74,-8.00
3070.51,44570.26,-40.00
4324.28,25482.54,-36.00
4196.43,30658.67,-43.00
4018.43,35957.10,-35.00
3781.80,39360.78,-34.00
3697.04,43646.23,-31.00
3474.54,46968.74,-24.00
3478.07,50151.14,-18.00
3159.51,57044.11,2.00
3994.41,33807.71,-32.00
4797.53,25210.11,-37.00
4697.94,28939.59,-41.00
4505.10,31214.64,-41.00
4347.59,36456.37,-41.00
4274.13,39892.29,-42.00
4096.83,43374.92,-35.00
4008.54,46522.85,-28.00
3985.23,47827.16,-27.00
3812.88,51112.97,-19.00
3694.92,54244.22,-10.00
3490.79,59002.25,13.00
3412.38,60825.85,12.00
3319.85,62636.10,30.00
5211.46,24660.81,-38.00
5048.99,28559.30,-39.00
4878.76,32138.67,-43.00
4776.34,36943.40,-35.00
4605.41,40433.81,-44.00
4455.66,43393.82,-34.00
4358.89,46520.62,-30.00
4209.14,49566.25,-22.00
4154.05,52937.68,-13.00
3850.32,59038.95,13.00
3771.91,61724.30,21.00
4457.78,45110.67,-30.00
5657.16,23676.74,-42.00
5533.55,27290.57,-43.00
5359.08,30988.91,-44.00
5202.27,35150.94,-41.00
5150.00,36793.29,-17.00
5143.65,37775.14,-38.00
4894.30,41131.00,-46.00
4755.86,44908.30,-35.00
4743.85,46747.46,-31.00
4791.88,48579.95,-27.00
4445.06,52670.81,-13.00
4405.51,55906.59,-1.00
4292.49,58790.98,13.00
4252.94,60408.87,12.00
6011.75,25103.37,-44.00
5914.98,27788.72,-49.00
5794.90,30004.84,-49.00
5711.55,32172.03,-47.00
5582.29,36794.40,-32.00
5506.71,38378.93,-47.00
5429.01,40418.24,-47.00
5325.18,43268.17,-38.00
5157.07,47853.85,-27.00
5024.98,50463.59,-21.00
4832.14,54821.32,-5.00
4673.92,59745.03,12.00
6471.58,23653.38,-41.00
6399.54,25700.48,-40.00
6279.46,28194.59,-46.00
6162.20,30644.21,-50.00
6029.41,35321.07,-44.00
6044.24,36903.37,-27.00
5970.78,38621.33,-51.00
5830.92,41370.07,-38.00
5675.53,43974.26,-33.00
5426.89,49628.52,-19.00
5199.45,55793.17,-2.00
5090.67,58650.88,12.00
6780.26,24069.25,-48.00
6726.58,26488.86,-43.00
6583.89,30593.06,-45.00
6514.67,33352.92,-44.00
6280.87,37278.10,-47.00
6037.18,42903.45,-38.00
5881.08,46942.05,-32.00
5799.85,50893.92,-25.00
5607.01,55355.06,-6.00
5553.33,57592.30,-7.00
5602.07,54689.00,-6.00
7120.01,28163.45,-44.00
6971.68,30702.03,-45.00
6908.11,32425.55,-44.00
6748.47,35318.84,-42.00
6706.80,37233.62,-53.00
6601.55,40599.49,-42.00
6558.47,42671.05,-39.00
6346.56,45845.67,-27.00
6234.96,48921.32,-27.00
6198.93,50196.73,-22.00
6046.36,54787.96,-9.00
5968.66,57699.05,3.00
6809.22,34459.31,-43.00
7494.38,26642.30,-42.00
7152.51,36566.45,3.00
7148.27,36987.88,-37.00
6963.91,40658.42,-43.00
6861.49,43950.91,-36.00
6554.93,48440.96,-26.00
6569.77,53100.03,-8.00
6351.51,58605.29,13.00
6496.31,54438.81,-4.00
7885.70,27684.20,-43.00
7822.13,30171.63,-46.00
7663.20,34342.55,-44.00
7551.60,36521.97,-27.00
7530.40,36875.57,-37.00
7474.60,38746.98,-58.00
7379.25,41060.95,-42.00
7122.84,47005.43,-35.00
6711.74,54864.69,-5.00
6664.42,60177.58,17.00
6523.15,62747.30,31.00
7200.54,44725.94,-35.00
8313.04,27454.03,-39.00
8197.91,30842.14,-45.00
7983.88,35242.12,-42.00
7832.72,38254.39,-50.00
7735.95,42651.04,-38.00
7538.88,46589.56,-35.00
7532.52,49030.29,-27.00
7177.94,53057.77,-13.00
7199.13,55636.38,-5.00
6861.49,61053.80,8.00
8030.50,33992.29,-41.00
8722.72,26453.27,-43.00
8671.87,28835.07,-39.00
8528.48,31590.48,-40.00
8411.22,34993.04,-41.00
8296.80,36506.41,3.00
8267.83,36903.37,-57.00
8195.08,39378.57,-47.00
8221.92,41063.17,-47.00
8053.10,43299.30,-34.00
7808.00,47097.72,-30.00
7743.02,51163.01,-20.00
7521.93,56792.81,-1.00
7331.92,62264.71,21.00
7720.41,53730.50,-8.00
9035.64,27779.83,-43.00
8946.64,31333.62,-44.00
8816.67,36073.86,-37.00
8779.23,36713.23,-17.00
8674.69,39072.79,-47.00
8402.04,43398.27,-29.00
8279.14,46073.62,-30.00
8260.06,49168.17,-24.00
8080.65,52993.28,-12.00
7887.82,57607.87,8.00
7731.71,62890.74,31.00
7971.17,54630.07,-4.00
9494.06,27410.66,-39.00
9427.66,29150.86,-41.00
9357.73,30511.89,-40.00
9251.07,32704.65,-43.00
9157.84,35802.54,-41.00
9133.11,36752.15,-37.00
9032.81,38981.61,-44.00
8996.79,40212.53,-42.00
9013.74,42300.77,-33.00
8813.14,44181.08,-37.00
8705.77,47131.08,-31.00
8647.15,48214.12,-26.00
8601.23,50678.20,-17.00
8436.65,53005.51,-14.00
8329.29,55647.50,-4.00
8239.58,58864.37,8.00
8131.51,61985.61,22.00
8075.00,63600.16,27.00
8781.35,45306.37,-33.00
9877.61,27230.53,-51.00
9788.61,30825.46,-46.00
9607.08,35569.03,-41.00
9505.36,37215.83,-56.00
9376.10,39791.10,-41.00
9227.06,42239.62,-41.00
9174.08,44623.64,-36.00
8963.59,50444.69,-18.00
8800.42,54340.96,-3.00
8663.39,58559.70,14.00
8442.30,63576.81,31.00
10325.43,26111.90,-53.00
10173.57,30499.66,-44.00
9991.33,34955.24,-49.00
9891.03,36646.51,-32.00
9856.42,39318.53,-45.00
9645.22,42676.61,-37.00
9506.07,46546.20,-35.00
9377.51,50084.42,-23.00
9276.50,53481.42,-7.00
9057.53,58086.01,8.00
8957.23,61841.06,27.00
9603.54,44852.70,-37.00
10716.75,27256.10,-45.00
10581.13,30186.09,-46.00
10344.51,35051.98,-43.00
10215.95,38641.35,-46.00
10265.39,41173.26,-40.00
10396.07,45843.44,-31.00
10097.99,49818.66,-32.00
9503.95,56680.50,5.00
9313.94,63308.83,31.00
11123.61,27043.72,-42.00
11042.38,28842.85,-44.00
10735.82,34836.26,-44.00
10593.85,39894.52,-44.00
10448.34,42672.17,-37.00
10169.33,48949.12,-26.00
10003.34,55596.35,-5.00
9683.36,64925.61,40.00
11490.91,27174.93,-44.00
11315.74,30685.35,-45.00
11064.28,37300.34,-37.00
10972.45,39238.47,-43.00
10782.44,43900.87,-23.00
10641.88,49168.17,-22.00
10552.88,51654.49,-23.00
10196.17,58404.02,0.00
9999.10,65388.18,40.00
11746.61,28835.07,-41.00
11670.33,31822.88,-40.00
11492.33,37158.01,-39.00
11308.67,42583.21,-36.00
11091.12,48306.41,-30.00
10934.31,51912.46,-22.00
10545.11,62588.29,22.00
11168.82,44828.23,-39.00
12104.73,30873.27,-39.00
11839.85,37513.83,-47.00
11555.90,44028.74,-28.00
11481.73,47584.76,-27.00
11305.14,51998.08,-22.00
11050.15,56865.09,-4.00
10891.22,60873.66,2.00
10795.86,65526.06,49.00
12590.70,28783.92,-38.00
12453.67,32490.05,-43.00
12142.87,38626.89,-46.00
12023.50,43669.58,-28.00
11872.34,46838.64,-28.00
11626.53,52924.34,-12.00
11483.14,57236.48,3.00
11307.26,61050.46,2.00
11246.52,64724.34,31.00
12969.30,27636.39,-43.00
12863.35,32366.62,-46.00
12815.32,36306.26,-37.00
12403.52,43091.37,-31.00
12187.37,49141.49,-26.00
12005.84,53673.79,-13.00
11841.97,57925.89,-1.00
11688.69,62965.24,21.00
11577.79,65270.31,41.00
13403.71,27598.58,-37.00
13196.04,32662.40,-46.00
13009.57,38076.48,-49.00
12657.80,47464.67,-26.00
12609.77,52025.88,-23.00
12231.17,56682.73,-6.00
12099.79,60527.85,-3.00
12046.10,63247.67,17.00
12578.69,53483.65,-13.00
13726.51,30832.13,-34.00
13559.11,37081.28,-37.00
13172.73,44199.98,-32.00
12962.95,50598.14,-19.00
12727.03,56790.58,-2.00
12634.49,61048.24,2.00
12335.00,65519.39,48.00
12341.36,64996.77,41.00
14255.57,27447.36,-46.00
14054.97,33078.27,-42.00
13922.17,35990.46,-36.00
13842.35,39674.35,-45.00
13713.80,44009.84,-31.00
13582.42,47099.95,-20.00
13402.30,49359.43,-22.00
13342.26,53434.72,-9.00
13018.75,60641.27,3.00
12931.87,63184.29,22.00
12775.76,65896.34,60.00
13707.44,45015.04,-34.00
14615.10,26972.55,-42.00
14436.40,30737.61,-45.00
14346.69,34759.53,-34.00
14266.87,37240.29,-37.00
14144.67,40636.19,-44.00
14028.83,45522.09,-29.00
13875.55,48058.45,-21.00
13727.93,52144.86,-18.00
13371.22,58177.19,4.00
13371.22,62218.01,12.00
13189.69,65250.29,51.00
13617.03,54750.16,-5.00
14984.52,27705.33,-45.00
14843.25,31320.27,-45.00
14757.08,35165.40,-29.00
14665.96,37588.33,-47.00
14394.01,43646.23,-28.00
14309.96,47205.58,-21.00
14187.76,49167.06,-21.00
13975.15,54682.33,-1.00
13863.54,59053.40,6.00
13670.71,63293.26,22.00
13513.90,65526.06,61.00
13980.80,54675.66,-1.00
15332.75,29379.92,-45.00
15115.20,34102.37,-37.00
15106.02,36707.67,-38.00
14945.67,40663.98,-41.00
14809.35,43954.24,-29.00
14139.02,47119.96,-20.00
14697.74,49280.48,-21.00
14430.04,54601.16,-5.00
14168.69,60516.73,8.00
15119.44,34501.56,-36.00
15769.99,28276.87,-40.00
15534.77,35017.51,-27.00
15524.18,37628.36,-37.00
15308.03,40641.75,-41.00
15227.51,44044.31,-39.00
15216.21,47510.26,-35.00
14959.09,50813.86,-23.00
14639.82,56150.10,-12.00
14604.51,59346.96,-1.00
14256.28,65231.39,52.00
14227.32,65584.99,61.00
15894.30,37692.86,-38.00
15736.79,41007.58,-36.00
15474.73,46448.34,-32.00
15373.02,52274.96,-14.00
15046.68,56966.27,-11.00
14908.24,63035.29,14.00
15618.83,45067.30,-32.00
16242.53,35585.71,-23.00
16190.97,38700.28,-42.00
15775.64,47016.55,-25.00
15794.71,52264.95,-14.00
15467.67,55759.81,-6.00
15330.64,62369.23,10.00
15158.99,66218.80,70.00
16815.38,34253.60,-32.00
16624.67,40022.39,-35.00
16171.90,50038.83,-22.00
15973.41,54617.84,-14.00
15765.75,62592.74,16.00
15447.18,65291.44,63.00
16440.31,44570.26,-34.00
17058.37,38053.13,-34.00
16798.43,43688.49,-31.00
16627.49,49408.35,-22.00
16394.40,52846.50,-14.00
16308.93,57134.18,-4.00
16063.83,64392.98,12.00
15961.41,66554.61,72.00
16812.56,44780.42,-29.00
17614.97,37422.65,-28.00
17160.08,44610.29,-33.00
16809.73,53835.02,-14.00
16618.31,58865.48,-7.00
16517.30,61752.10,13.00
16291.98,66353.35,82.00
17136.77,44938.32,-29.00
17780.26,38852.62,-38.00
17451.81,48245.25,-20.00
17183.39,54608.94,-7.00
17008.22,59972.98,3.00
16911.45,64223.97,-8.00
16884.61,65244.74,73.00
16781.48,66829.26,72.00
16527.19,70634.35,58.00
16905.80,64781.05,2.00
16873.31,65487.14,103.00
18058.56,40501.64,-38.00
17721.63,51288.66,-23.00
17443.33,59229.09,-7.00
17285.11,63136.48,44.00
17213.77,65052.37,12.00
17205.29,65453.78,112.00
17148.08,67744.40,85.00
16890.96,71078.02,28.00
16931.23,72121.03,83.00
17220.12,64706.55,-16.00
18395.49,43251.49,-35.00
18205.48,48833.48,-17.00
18006.29,53792.77,-14.00
17828.29,58183.86,-10.00
17788.03,59789.51,-7.00
17722.34,61642.02,13.00
17653.12,63163.17,53.00
17595.90,65035.69,2.00
17587.43,65374.83,102.00
17554.93,66879.30,83.00
17410.84,69034.26,58.00
17344.44,71323.76,55.00
17331.02,72046.53,89.00
17328.19,72543.57,108.00
17327.49,73701.11,148.00
17286.52,74312.68,87.00
17572.59,65334.80,92.00
18961.28,38830.38,-38.00
18853.21,41715.89,-32.00
18716.17,45947.97,-29.00
18581.97,49258.24,-12.00
18447.05,53116.70,-14.00
18302.96,58183.86,-7.00
18198.42,60632.37,-22.00
18112.24,61733.20,33.00
18081.16,62785.10,33.00
18024.66,64286.23,12.00
17978.04,65899.67,32.00
17929.30,67676.57,92.00
17918.00,70056.14,55.00
17809.22,71939.78,69.00
17732.23,73454.26,138.00
17737.17,74164.79,97.00
17996.40,65302.56,22.00
19358.25,40063.53,-35.00
19063.70,46091.41,-29.00
19103.25,48636.66,-21.00
18891.35,51859.09,-13.00
18652.60,57920.33,-5.00
18678.03,60045.26,14.00
18642.71,61461.88,-58.00
18588.32,62324.76,93.00
18528.99,63313.28,72.00
18367.94,65728.43,-16.00
18354.52,66232.15,62.00
18331.92,67449.73,82.00
18277.53,68446.04,62.00
18179.35,71688.48,69.00
18088.93,73730.02,88.00
18046.55,74228.17,117.00
19705.77,40501.64,-39.00
19358.25,46938.71,-30.00
19396.39,50218.96,-23.00
19092.66,57930.33,-13.00
18978.23,59990.77,4.00
18926.67,61316.22,-17.00
18869.45,62403.70,102.00
18846.14,63562.36,36.00
18862.39,64739.91,72.00
18863.09,65745.11,-8.00
18826.36,66321.10,-28.00
18800.23,66922.67,92.00
18745.13,68098.00,62.00
18537.47,71002.41,64.00
18602.45,73040.61,79.00
18864.51,64925.61,72.00
20113.34,40027.95,-32.00
19927.57,45876.80,-29.00
19690.23,51956.94,-11.00
19447.95,57692.38,-8.00
19400.63,59996.33,24.00
19331.41,61849.95,23.00
19284.08,63118.69,3.00
19251.59,63793.64,52.00
19226.87,64494.17,72.00
19152.70,66038.67,-8.00
19135.04,66585.75,72.00
19095.48,67880.05,52.00
18978.23,71599.53,70.00
18889.94,73940.18,64.00
19209.91,64917.82,52.00
20613.43,38978.27,-27.00
20181.15,48598.85,-21.00
20039.88,52311.65,-13.00
19830.80,57902.53,1.00
19740.38,60640.15,4.00
19635.14,62629.43,33.00
19601.94,64011.58,53.00
19600.52,65919.69,32.00
19524.24,66851.50,61.00
19530.60,68668.43,56.00
19465.61,71338.22,64.00
19320.81,73191.84,76.00
19279.84,74404.97,7.00
19244.52,74932.04,57.00
19588.52,64108.32,43.00
21122.71,38156.54,-18.00
20838.05,41638.05,-33.00
20723.62,45515.42,-27.00
20565.40,48805.68,-5.00
20429.78,51860.20,-12.00
20451.68,53375.79,-13.00
20209.40,59044.51,14.00
20072.37,62415.94,63.00
20018.68,63792.53,24.00
19959.35,64728.79,63.00
20005.97,66470.10,41.00
19906.37,68532.77,42.00
19809.60,70867.86,82.00
19654.21,73311.93,78.00
19669.04,74408.31,8.00
19676.10,74813.06,67.00
19632.31,75506.91,66.00
19955.82,65307.00,46.00
21266.81,42150.66,-25.00
20936.23,49525.11,-16.00
20884.67,53320.19,-12.00
20542.09,59515.97,6.00
20394.46,64515.30,43.00
20256.02,68449.37,32.00
20220.70,70093.95,92.00
20131.70,72057.65,91.00
20008.80,74049.15,81.00
20007.38,74611.80,68.00
20003.85,74906.46,68.00
19988.31,75648.13,66.00
20407.88,64314.03,23.00
21766.20,39255.14,-29.00
21704.74,40359.31,-31.00
21629.16,42508.71,-31.00
21564.89,43617.32,-29.00
21427.85,47465.78,-21.00
21268.93,51447.67,-12.00
20901.62,60641.27,13.00
20796.38,64688.76,44.00
20710.91,68324.83,47.00
20591.53,70060.59,72.00
20398.70,71611.76,83.00
20433.31,73229.64,84.00
20465.10,74105.86,139.00
20474.99,74466.13,139.00
20477.81,75380.15,47.00
21511.91,45760.05,-27.00
22168.11,38600.21,-39.00
22005.65,41853.77,-24.00
21897.58,47495.80,-24.00
21553.58,53464.74,-11.00
21309.19,61185.01,14.00
21247.03,65259.19,43.00
21100.11,68131.36,42.00
21047.13,70145.10,42.00
20969.43,71299.30,102.00
20857.12,73251.88,87.00
20814.74,74108.08,140.00
20806.97,74579.55,80.00
20811.92,75468.00,32.00
20817.57,76227.46,-294.00
21215.95,64620.93,34.00
22411.80,42194.03,-29.00
22231.68,47133.31,-21.00
22034.61,52717.51,-14.00
21733.70,58624.19,5.00
21563.47,66461.21,43.00
21385.47,70003.88,35.00
21307.07,72225.55,92.00
21238.55,74203.71,170.00
21234.31,75211.14,29.00
21193.35,75983.94,-193.00
21104.35,76591.07,-394.00
22986.77,37374.84,-37.00
22866.69,43168.09,-30.00
22668.21,47197.80,-27.00
22435.82,52579.63,-15.00
21928.66,58049.31,7.00
22073.46,60571.21,7.00
21915.94,66545.72,46.00
21836.12,70242.95,53.00
21780.32,71397.15,62.00
21706.16,73456.48,84.00
21696.97,74342.70,100.00
21634.11,75609.21,-12.00
21613.62,76363.12,-493.00
21607.27,76728.95,-94.00
22803.83,45598.82,-31.00
23056.70,45351.96,-43.00
22957.10,48910.20,-32.00
22831.37,52744.20,-23.00
22715.53,57259.83,-4.00
22454.89,62971.91,15.00
22230.97,69847.09,52.00
22142.68,71526.14,52.00
22079.11,72609.18,81.00
22203.43,74162.57,241.00
22286.78,74602.90,60.00
22206.25,75710.40,-42.00
22098.18,76192.99,-203.00
22010.59,76597.74,-314.00
21924.42,76988.03,126.00
22216.14,75613.66,-12.00
23508.06,46423.88,-33.00
23236.82,52649.69,-24.00
23151.35,56523.72,-3.00
22924.61,61464.11,6.00
22666.09,68404.89,49.00
22565.79,70409.74,45.00
22526.94,71885.30,82.00
22488.09,73655.52,80.00
22477.49,74109.19,191.00
22466.90,74467.24,90.00
22408.27,75437.97,-11.00
22387.08,75900.54,-172.00
22358.12,76637.77,-173.00
23553.26,44542.46,-31.00
22425.22,75364.59,-1.00
24055.48,41202.17,-27.00
23776.47,49764.18,-25.00
23555.38,54224.21,-13.00
23250.24,62870.72,19.00
23149.94,67267.37,47.00
22974.06,71358.23,62.00
22916.84,72489.08,102.00
22911.90,74122.54,121.00
22879.40,74641.82,90.00
22847.62,75491.35,-11.00
22858.21,75888.31,-132.00
22867.40,76213.00,-244.00
22875.87,76667.79,-185.00
22882.23,76942.44,7.00
22882.23,77282.70,67.00
22880.11,77669.66,106.00
22901.30,77989.90,256.00
22923.20,74090.29,111.00
22880.82,74628.48,90.00
24268.09,45591.03,-36.00
24126.82,50899.48,-20.00
23859.11,57091.92,-3.00
23577.28,65461.57,34.00
23373.85,71320.43,33.00
23296.15,73765.60,72.00
23282.02,74310.46,143.00
23262.95,75152.20,50.00
23252.36,75673.71,-51.00
23233.29,75982.83,-212.00
23220.57,76370.90,-242.00
23196.56,76607.74,-72.00
23176.07,76937.99,87.00
23161.24,77284.92,117.00
23157.71,77675.22,77.00
23145.70,77949.87,226.00
24275.86,45055.07,-31.00
23255.89,75257.84,39.00
23231.87,75731.53,-61.00
24497.65,49857.58,-25.00
24338.02,54819.10,-16.00
24011.68,63454.50,25.00
23806.14,69633.60,66.00
23771.53,71540.59,42.00
23694.53,73268.56,82.00
23674.76,74219.28,61.00
23678.29,74400.53,164.00
23672.64,74957.61,70.00
23639.44,75866.07,-32.00
23609.07,76416.49,-102.00
23593.53,76743.40,58.00
23585.05,77178.17,97.00
23567.39,77693.01,57.00
23563.86,78016.58,207.00
24347.20,55686.42,-17.00
23632.37,75721.52,-1.00
25066.27,45891.26,-31.00
24944.77,49587.38,-22.00
24799.97,54097.44,-13.00
24547.81,58051.54,-3.00
24280.10,67335.20,44.00
24282.92,71045.77,52.00
24210.88,72531.34,82.00
24116.93,73815.64,21.00
24109.87,74147.00,-59.00
24095.74,74358.27,131.00
24076.67,74824.18,73.00
23987.67,76167.41,7.00
23948.11,76985.81,-12.00
23929.04,77710.80,47.00
23913.50,78022.14,207.00
23903.61,78360.18,347.00
24744.17,54918.06,-13.00
23986.26,75982.83,8.00
25460.41,46690.75,-15.00
25350.22,50708.22,-21.00
25261.22,55650.84,-13.00
24944.07,63183.18,26.00
24630.45,70774.46,53.00
24586.65,72197.75,52.00
24462.34,73773.39,31.00
24433.38,74321.58,-9.00
24432.67,74746.34,59.00
24483.53,75878.31,-12.00
24448.92,76324.20,-152.00
24418.54,76703.37,-142.00
24383.23,77256.01,-22.00
24372.63,77689.67,78.00
24368.39,77956.54,248.00
24359.21,78246.76,368.00
24338.73,78607.03,478.00
25268.99,55305.02,-10.00
24479.29,75560.29,39.00
25748.60,48134.06,-21.00
25562.12,52875.41,-13.00
25321.26,59936.29,7.00
25004.11,69322.25,63.00
24944.77,72141.04,53.00
24936.30,73522.09,12.00
24905.22,74294.89,31.00
24822.58,75417.96,-1.00
24796.44,75772.67,-101.00
24771.01,76373.12,-162.00
24753.35,76806.78,-162.00
24737.81,77190.41,-42.00
24734.99,77617.39,68.00
24737.11,77934.30,288.00
24744.17,78305.69,398.00
24763.95,78709.33,498.00
24792.20,79474.35,458.00
24788.67,79932.47,357.00
24773.84,80572.96,255.00
25145.38,65293.66,35.00
24807.74,75494.68,-21.00
26106.01,46606.24,-22.00
26022.67,52518.48,-18.00
25694.21,60215.39,7.00
25344.57,69417.88,64.00
25249.21,72789.31,62.00
25251.33,74052.49,61.00
25221.66,74516.17,21.00
25173.63,75688.16,-61.00
25154.56,76120.71,-121.00
25138.31,76515.45,-62.00
25133.37,76912.42,-178.00
25142.55,77208.20,-31.00
25143.97,77475.07,109.00
25136.90,77844.23,289.00
25122.07,78392.42,399.00
25105.82,78955.07,498.00
25093.81,79587.77,418.00
25086.04,80054.79,317.00
24961.73,81396.91,214.00
25248.50,74436.11,31.00
26503.69,47989.51,-19.00
26365.25,53180.09,-12.00
26276.25,59402.55,7.00
25877.16,67457.51,55.00
25730.24,71350.45,61.00
25738.71,72802.65,62.00
25738.01,73773.39,22.00
25645.47,74838.63,-19.00
25615.81,75210.02,-120.00
25656.07,75951.69,-91.00
25670.90,76227.46,9.00
25668.78,77019.17,9.00
25651.12,77501.75,249.00
25638.41,77756.39,369.00
25568.48,78599.25,429.00
25509.15,79443.22,408.00
25454.76,80122.62,307.00
26398.44,55405.10,-20.00
25632.76,75268.96,-130.00
25637.00,75973.93,-71.00
26984.01,47349.02,-24.00
26753.74,55104.87,-12.00
26344.76,66037.55,46.00
26190.78,71048.00,53.00
26110.25,72636.97,133.00
26079.17,73032.83,52.00
26029.73,73607.71,-8.00
26021.96,75046.57,-39.00
26013.48,75502.47,-140.00
26012.78,75840.50,-181.00
25999.36,76164.08,-7.00
25985.23,76681.13,-1.00
25967.57,77164.83,59.00
25973.22,77408.35,229.00
25971.10,77630.74,389.00
25968.98,78302.36,417.00
25921.66,79501.04,367.00
25879.98,80467.32,266.00
26755.86,55104.87,-12.00
26015.60,75274.52,-90.00
26012.78,75657.03,-190.00
27233.35,52386.15,-13.00
27041.22,59026.71,7.00
26743.14,67341.87,55.00
26524.17,71721.84,73.00
26529.83,72335.64,213.00
26525.59,72833.79,232.00
26517.82,73136.24,152.00
26510.75,73410.89,52.00
26514.29,74296.00,12.00
26493.80,75079.93,-89.00
26458.48,75767.11,-150.00
26418.22,76226.35,-51.00
26399.15,76455.41,69.00
26350.41,77183.73,169.00
26341.94,77475.07,329.00
26332.75,77728.59,429.00
26267.06,79044.03,388.00
26211.97,80149.30,286.00
27520.84,45494.29,-34.00
26497.33,74982.07,-69.00
26466.96,75555.84,-165.00
27652.92,50097.76,-12.00
27451.61,55480.71,-12.00
27058.18,69202.16,62.00
26972.71,71379.36,81.00
26947.28,72037.63,273.00
26923.97,72650.32,292.00
26904.90,73210.74,152.00
26897.13,73460.93,52.00
26862.52,74432.77,-29.00
26842.74,74945.38,-129.00
26827.91,75352.35,-230.00
26800.36,76137.39,-170.00
26791.88,76454.30,109.00
26766.45,76951.34,319.00
26746.67,77482.85,419.00
26746.67,78791.61,358.00
26651.32,80489.56,256.00
27454.44,55206.06,-15.00
26825.79,75218.92,-209.00
28177.74,46036.92,-31.00
28016.69,49264.91,-25.00
27864.12,52538.49,-14.00
27886.02,55002.57,-17.00
27821.03,60927.04,17.00
27558.27,68801.86,73.00
27526.49,71294.85,93.00
27499.64,72043.19,352.00
27443.84,72775.97,152.00
27339.30,73679.98,72.00
27219.22,74502.82,-29.00
27160.60,74857.54,-139.00
27148.59,75181.11,-249.00
27108.33,75779.34,-180.00
27105.50,76230.79,10.00
27107.62,76942.44,349.00
27100.56,77306.05,449.00
27035.57,78147.79,429.00
27008.73,78806.07,328.00
26975.53,81557.03,225.00
27598.53,65372.61,46.00
27150.00,75105.50,-229.00
27121.04,75551.39,-200.00
28593.78,47903.89,-29.00
28516.08,50462.48,-27.00
28162.20,58106.02,-2.00
27976.43,65234.73,37.00
27893.79,70082.83,64.00
27769.47,71484.99,133.00
27744.04,71843.04,312.00
27693.18,72399.02,252.00
27664.22,72778.19,142.00
27644.45,73386.43,97.00
27657.16,74306.01,1.00
27653.63,74866.43,-99.00
27628.20,75689.27,-100.00
27602.77,76131.83,30.00
27588.64,76534.36,190.00
27575.93,77120.35,449.00
27554.03,77775.29,499.00
27535.67,78287.90,398.00
27515.89,78928.38,298.00
27315.29,83459.58,194.00
27611.25,75814.92,-70.00
27588.64,76311.97,90.00
28982.98,48198.55,-30.00
28880.56,52042.56,-23.00
28648.17,56254.63,-12.00
28266.74,67225.12,55.00
28186.92,71287.07,103.00
28177.03,71595.08,232.00
28159.38,71983.15,362.00
28141.01,72234.45,262.00
28127.59,72584.71,142.00
28070.38,73646.62,62.00
28035.06,74242.63,-31.00
28009.63,74819.73,-119.00
27989.15,75361.25,-180.00
27970.07,75936.13,-100.00
27961.60,76189.65,60.00
27946.06,76551.04,230.00
27937.58,76826.80,370.00
27925.57,77142.59,489.00
27900.15,77837.56,549.00
27897.32,78202.28,448.00
27877.54,78574.78,348.00
27789.95,80590.75,246.00
28675.72,55655.28,-13.00
27970.78,75870.52,-130.00
27965.84,76160.74,30.00
29411.03,47758.22,-29.00
29232.32,52451.76,-16.00
29052.20,56762.79,-5.00
28641.81,68791.85,70.00
28600.85,70605.44,93.00
28559.17,71351.56,172.00
28543.63,71811.91,292.00
28533.04,72027.63,390.00
28518.20,72253.35,262.00
28515.38,72777.08,132.00
28535.15,73613.27,32.00
28497.72,73970.20,-68.00
28477.94,74314.91,-129.00
28442.62,74655.16,-149.00
28447.57,75022.11,-340.00
28432.73,75478.00,-240.00
28432.03,75788.24,-82.00
28413.66,76114.04,110.00
28407.31,76370.90,310.00
28352.21,76984.70,329.00
28341.61,77261.57,469.00
28331.73,77539.56,609.00
28326.78,77957.65,609.00
28299.23,78400.21,438.00
28266.74,78779.38,338.00
28204.58,80445.08,246.00
28436.27,74804.16,-249.00
28445.45,75425.74,-290.00
28442.62,75650.36,-110.00
29770.56,47650.36,-32.00
29591.86,52313.88,-23.00
29559.36,54502.19,-22.00
29312.85,62378.13,21.00
29098.82,68926.40,52.00
29058.56,70391.95,74.00
29069.16,71202.56,142.00
29053.62,71626.21,262.00
29038.08,71982.04,282.00
29014.77,72214.43,182.00
28982.98,72695.91,82.00
28925.77,73487.62,2.00
28916.58,73737.80,-118.00
28891.16,74091.40,-79.00
28869.26,74448.34,-179.00
28838.89,74701.86,-329.00
28814.16,75222.26,-330.00
28792.97,75502.47,-70.00
28762.60,76002.84,90.00
28745.65,76308.63,259.00
28730.81,76796.78,259.00
28709.62,77168.17,309.00
28697.62,77378.33,469.00
28679.96,77621.84,629.00
28662.30,78128.89,568.00
28657.35,78495.83,428.00
28674.31,78897.25,328.00
28590.96,80817.58,226.00
29296.60,65146.88,36.00
28808.51,75142.20,-370.00
28812.75,75435.75,-140.00
28796.50,75751.54,50.00
30094.78,48388.70,-23.00
30055.22,51047.37,-22.00
29941.50,53041.09,-19.00
29783.98,57472.21,-2.00
29690.74,60910.36,17.00
29617.99,65447.11,41.00
29348.16,70110.63,73.00
29353.11,71182.54,152.00
29350.28,71507.23,262.00
29331.92,71805.24,382.00
29311.43,72117.69,232.00
29298.72,72535.79,112.00
29254.93,73022.82,12.00
29191.35,73644.40,-129.00
29098.82,74213.72,-159.00
29047.26,74585.11,-299.00
29074.10,75242.27,-250.00
29103.06,75533.60,-70.00
29152.51,75920.56,89.00
29151.80,76255.26,199.00
29118.60,76692.25,299.00
29096.70,77115.91,259.00
29081.87,77371.65,428.00
29076.22,77604.05,568.00
29055.74,78151.13,568.00
29051.50,78438.01,468.00
29038.08,78788.28,368.00
29020.42,79532.17,267.00
28980.86,82915.83,205.00
29835.55,55118.21,-9.00
29062.80,75264.51,-230.00
29109.42,75628.12,-30.00
30576.51,46819.74,-23.00
30563.79,49103.68,-20.00
30475.50,50649.29,-22.00
30314.45,53451.40,-15.00
30202.85,55510.73,-10.00
30086.30,57528.92,3.00
30073.59,62102.37,27.00
29853.21,66674.70,52.00
29839.08,68365.98,64.00
29858.86,69420.10,73.00
29810.12,70736.65,142.00
29810.12,71076.91,252.00
29744.43,71731.85,252.00
29694.28,72290.05,172.00
29678.03,72631.41,72.00
29666.73,73165.15,-28.00
29658.25,73628.83,-168.00
29631.41,73886.80,-409.00
29621.52,74178.14,-609.00
29610.22,74461.68,-289.00
29571.37,74975.40,-140.00
29567.84,75278.97,-40.00
29535.35,75693.72,130.00
29524.75,75997.28,289.00
29507.80,76465.42,339.00
29455.53,77102.56,279.00
29432.22,77417.24,428.00
29411.74,77784.19,558.00
29413.15,78362.40,478.00
29408.91,78739.35,378.00
29406.79,79390.95,277.00
29420.21,82114.12,216.00
30181.66,55638.61,-7.00
29601.74,74543.97,-229.00
29570.66,75036.56,-110.00
29556.54,75340.12,-10.00
30900.72,47800.48,-30.00
30921.91,49635.19,-32.00
30681.75,53320.19,-21.00
30647.14,56860.64,-10.00
30406.98,62937.44,26.00
30207.79,69112.09,64.00
30163.29,70336.35,123.00
30153.40,70915.68,262.00
30139.28,71505.01,242.00
30135.75,72116.58,152.00
30126.56,72671.44,52.00
30101.13,73140.69,-48.00
30067.94,73584.35,-188.00
30044.63,74028.02,-353.00
30034.03,74364.94,-169.00
30025.55,74754.13,-30.00
30012.13,75351.24,60.00
29998.71,75709.29,160.00
29978.23,76027.31,260.00
29942.21,76999.15,279.00
29925.96,77370.54,378.00
29894.88,78093.31,478.00
29877.93,78639.28,378.00
29858.86,79363.15,277.00
29733.13,83915.48,184.00
30027.67,74863.10,-40.00
29991.65,75525.82,110.00
31400.82,47058.80,-30.00
31222.82,51481.03,-22.00
31062.48,54445.48,-18.00
30884.48,60505.61,12.00
30735.44,68090.21,63.00
30596.29,69851.54,103.00
30591.34,70304.10,232.00
30592.75,70729.98,262.00
30582.16,71404.93,202.00
30540.48,72175.51,102.00
30521.41,72722.59,2.00
30501.63,73179.61,-109.00
30468.44,73873.46,-211.00
30440.18,74499.49,-69.00
30444.42,75159.99,70.00
30431.71,75783.79,170.00
30382.26,76790.10,229.00
30369.55,77217.09,339.00
30344.83,77850.90,446.00
30307.39,78691.54,347.00
30280.55,79586.66,247.00
31424.84,45449.81,-37.00
30438.77,75233.38,90.00
31779.42,47542.50,-30.00
31631.09,50855.00,-32.00
31493.35,53255.70,-20.00
31411.41,58901.06,-2.00
30967.12,67932.32,54.00
30906.37,69603.58,102.00
30865.41,70040.57,193.00
30846.33,70289.65,292.00
30830.79,70575.42,292.00
30824.44,70756.67,192.00
30799.01,71294.85,186.00
30794.77,72045.42,92.00
30806.78,72656.99,-8.00
30808.19,72841.57,-108.00
30798.30,73124.01,-128.00
30791.24,73311.93,-28.00
30774.29,73791.18,-69.00
30771.46,74376.06,-89.00
30763.69,74669.62,11.00
30766.52,75168.88,110.00
30792.65,76816.79,209.00
30778.52,77191.52,309.00
30750.27,77744.16,408.00
30698.00,78622.60,327.00
30624.54,79884.66,227.00
31866.30,45205.19,-39.00
32109.29,47471.34,-28.00
32036.54,50704.89,-20.00
31743.40,56738.32,-9.00
31572.46,63425.59,30.00
31452.38,67861.15,54.00
31383.16,69327.81,113.00
31352.08,70047.24,202.00
31352.08,70443.10,262.00
31350.67,70930.13,162.00
31317.47,72452.39,62.00
31167.72,74102.52,11.00
31107.68,74932.04,110.00
31211.52,76446.51,170.00
31198.80,76971.35,269.00
31164.19,77707.46,368.00
31098.50,78878.35,287.00
30850.57,83661.95,185.00
31124.64,75600.32,140.00
32530.98,47816.04,-23.00
32403.84,50883.91,-12.00
32276.69,56517.05,-5.00
32033.71,62374.79,27.00
31842.99,68098.00,60.00
31804.85,69347.83,113.00
31783.66,69913.81,212.00
31758.94,70373.05,302.00
31726.45,70739.99,202.00
31725.03,71366.02,102.00
31638.86,73463.15,23.00
31634.62,74237.07,121.00
31595.77,76536.58,200.00
31609.19,77241.56,299.00
31619.79,78801.62,267.00
31268.73,83653.06,185.00
32557.12,46347.16,-27.00
33005.65,46383.85,-30.00
32855.20,50458.03,-30.00
32675.08,55606.36,-20.00
32497.08,64037.16,36.00
32303.54,67627.64,54.00
32259.04,68513.87,113.00
32234.31,69290.01,132.00
32220.19,69731.45,232.00
32189.11,70381.94,252.00
32171.45,70844.51,172.00
32098.69,72023.18,81.00
32062.67,73487.62,51.00
32058.43,73982.43,159.00
31996.27,76310.85,180.00
31969.43,77193.74,279.00
31890.32,79280.87,237.00
31649.45,85794.67,153.00
31458.74,91647.97,110.00
32008.28,75618.11,130.00
33133.50,54428.80,-21.00
32976.69,59136.80,0.00
32906.05,62026.75,17.00
32766.20,65796.26,34.00
32592.43,67585.39,54.00
32571.24,68345.96,153.00
32581.84,69179.92,132.00
32591.73,69653.61,232.00
32552.88,70440.87,212.00
32573.36,71479.43,112.00
32499.19,73484.28,111.00
32441.27,75136.64,124.00
32363.58,76622.20,219.00
32230.78,78704.88,247.00
32098.69,83548.53,174.00
32781.03,65265.86,35.00
32377.70,76225.23,179.00
1959.42,57625.66,10.00
1901.50,59502.63,32.00
1854.88,60196.49,132.00
1821.68,60551.20,12.00
7313.55,54200.86,-12.00
16469.27,62828.47,28.00
16434.66,65000.11,53.00
31287.80,98178.45,59.00
33146.92,68805.20,133.00
33214.73,69644.72,312.00
33250.05,70416.41,252.00
33194.95,71473.87,152.00
31611.31,98490.91,62.00
33760.74,61411.85,17.00
33651.25,66938.23,4.00
33570.73,67764.41,113.00
33485.97,68651.75,73.00
33423.10,69211.06,222.00
33382.84,69774.82,302.00
33289.60,70695.51,222.00
33098.89,71964.24,122.00
34622.48,38083.15,-46.00
34338.53,43707.39,-40.00
33974.76,50663.74,-23.00
33909.78,53952.89,-24.00
33594.74,66266.62,4.00
33555.19,67206.21,34.00
33477.49,68491.63,73.00
33454.89,69318.92,280.00
33454.18,70117.30,313.00
33420.98,70912.34,212.00
33350.35,72671.44,118.00
33166.70,75703.73,159.00
33004.24,77714.13,250.00
32981.63,85287.62,153.00
32492.84,92536.42,99.00
32324.02,103266.73,49.00
34650.74,42254.07,-36.00
34704.42,49458.39,-26.00
34132.28,62819.57,27.00
34038.33,66483.45,24.00
33900.59,68037.95,87.00
33812.30,68993.12,-87.00
33754.38,69509.06,313.00
33730.36,70257.40,313.00
33713.41,71086.92,212.00
33631.47,73092.87,131.00
33535.41,76000.62,178.00
33321.39,80834.26,196.00
32924.42,93940.81,90.00
35169.91,37990.86,-44.00
35029.34,41740.35,-39.00
34969.30,47041.01,-22.00
34758.81,52569.63,-12.00
34395.04,64623.16,24.00
34380.21,66119.84,4.00
34318.75,67467.52,43.00
34266.48,68581.69,-35.00
34258.01,69070.95,192.00
34245.29,69768.14,353.00
34164.06,70636.58,272.00
34057.40,71696.26,171.00
34061.64,75529.15,169.00
33808.06,80713.06,197.00
33401.20,92466.37,100.00
33235.21,97153.23,69.00
33204.13,100618.07,59.00
32934.31,104117.37,56.00
35316.12,39346.32,-47.00
35357.09,46458.35,-27.00
35375.45,48783.44,-26.00
35228.53,53033.31,-10.00
34749.63,63029.73,27.00
34695.24,65662.83,-35.00
34694.53,66213.24,44.00
34678.99,66894.87,63.00
34626.02,68140.25,-17.00
34611.18,68724.02,165.00
34615.42,69405.65,232.00
34613.30,69943.83,352.00
34606.24,70733.32,252.00
34587.87,72047.64,151.00
34468.50,74661.83,150.00
34357.60,79228.61,203.00
33836.32,89221.70,123.00
33920.37,94871.51,80.00
33458.42,103525.81,56.00
36040.84,37976.40,-47.00
35878.38,43730.74,-38.00
35622.68,52288.30,-20.00
35081.61,65422.65,-5.00
35095.03,66147.64,14.00
35064.66,67126.15,73.00
35011.68,68204.74,-37.00
34994.03,68896.38,112.00
34981.31,69592.46,212.00
34962.24,70612.11,232.00
34944.58,72145.49,131.00
34898.67,74181.47,145.00
34465.67,82581.14,175.00
34202.21,96128.01,71.00
33874.46,102439.44,55.00
33741.67,108499.56,50.00
36211.77,47392.39,-24.00
35972.32,50760.48,-21.00
35816.22,56801.70,-2.00
35617.03,65286.99,-17.00
35625.50,65616.13,37.00
35607.14,66351.12,74.00
35564.76,67490.87,33.00
35512.49,68353.75,22.00
35467.99,69152.12,102.00
35462.34,69620.26,232.00
35410.77,70884.54,202.00
35289.99,72810.44,120.00
35044.18,75383.49,179.00
34811.79,87900.70,132.00
34373.85,98931.24,58.00
34066.59,110553.33,43.00
36874.33,38456.77,-46.00
36570.60,49396.12,-30.00
36413.08,52084.82,-1.00
36278.17,55740.90,-11.00
36014.70,64732.13,-15.00
35980.09,65443.77,41.00
35945.48,66970.48,63.00
35920.05,68154.71,34.00
35867.78,69314.47,132.00
35846.59,69703.65,252.00
35710.97,71427.17,161.00
35677.77,73049.51,140.00
35487.06,77182.62,202.00
34929.75,92252.87,100.00
34765.17,102334.91,58.00
37358.18,39034.98,-38.00
36991.59,45777.84,-30.00
36816.41,51879.10,-30.00
36752.13,53593.73,-6.00
36309.25,64167.26,5.00
36290.18,64934.50,-87.00
36276.05,65510.49,54.00
36281.00,67414.15,12.00
36198.35,69113.21,92.00
36159.50,69832.64,174.00
36077.57,71975.36,111.00
35983.62,74082.51,169.00
35538.62,86248.34,143.00
35178.38,99031.31,60.00
34983.43,104456.51,54.00
37522.05,39947.89,-42.00
37370.19,45638.85,-26.00
37259.29,50176.71,-25.00
37201.37,51582.21,-20.00
37143.45,53389.13,-6.00
36963.33,59318.05,8.00
36747.89,64378.53,-35.00
36727.41,64961.19,14.00
36694.21,65815.17,165.00
36658.89,67050.54,2.00
36646.89,68057.97,62.00
36634.17,69321.14,292.00
36628.52,69851.54,161.00
36627.81,71517.24,131.00
36504.20,73116.22,130.00
36372.12,79837.96,188.00
35899.57,91914.84,101.00
35464.45,101479.83,55.00
35525.20,105999.90,60.00
38094.20,38136.52,-48.00
37825.79,43046.89,-36.00
37745.97,49143.71,-12.00
37684.52,49828.67,-12.00
37553.13,51244.18,-13.00
37385.73,52777.56,-31.00
37255.76,54458.83,-19.00
37397.74,63984.90,-36.00
37393.50,64426.34,-136.00
37389.26,64811.07,84.00
37378.67,65488.25,53.00
37268.47,66658.02,23.00
37161.11,67527.57,2.00
37103.89,68287.03,82.00
37007.83,69171.03,512.00
36938.61,69688.08,272.00
36872.21,71135.84,140.00
36916.71,72795.98,100.00
36867.97,74426.10,198.00
36436.39,88878.10,122.00
35936.30,103375.70,57.00
35694.02,110849.11,45.00
38357.67,41216.62,-39.00
38122.45,49157.05,-24.00
38005.20,51175.24,-2.00
37941.63,53223.45,-5.00
37894.30,57594.52,0.00
37525.59,63919.29,-66.00
37514.99,64284.01,-86.00
37514.99,64845.55,94.00
37570.09,66003.08,13.00
37543.24,67866.71,72.00
37527.00,68378.21,232.00
37506.51,68845.23,369.00
37477.55,69912.70,152.00
37358.18,71829.70,90.00
37356.06,73181.83,150.00
37154.05,77165.94,187.00
36802.28,88675.73,122.00
36489.37,98863.41,57.00
36099.46,110404.33,45.00
38540.61,46804.17,-25.00
38495.41,50960.63,-32.00
38457.97,52152.64,-12.00
38315.99,53420.27,-12.00
38186.73,62097.92,6.00
38145.76,64020.48,4.00
38092.79,64702.10,36.00
37945.86,66818.14,73.00
37870.99,67984.58,132.00
37832.14,68517.20,312.00
37818.72,68921.95,202.00
37775.63,70292.98,162.00
37790.47,72305.61,80.00
37794.71,73316.37,179.00
37787.64,76477.65,191.00
37294.61,85399.93,147.00
36824.18,100237.78,55.00
36529.63,109713.81,48.00
38869.07,47091.05,-28.00
38925.57,52233.82,-12.00
38891.67,52888.75,48.00
38846.46,54150.82,-5.00
38341.42,62314.75,5.00
38367.56,64151.69,34.00
38436.07,65913.02,-17.00
38440.31,66474.55,83.00
38426.18,67262.92,182.00
38400.75,68049.07,232.00
38358.37,68521.65,252.00
38154.24,70377.49,161.00
38069.48,72475.74,100.00
38031.33,73422.01,199.00
37850.51,82199.74,166.00
37215.50,99219.23,60.00
36869.39,109668.22,47.00
39847.36,45080.65,-29.00
39670.07,50072.19,-31.00
39641.11,51872.43,7.00
39586.01,53582.61,-52.00
39559.17,54409.90,18.00
39495.60,59180.16,7.00
39217.30,63039.74,-46.00
39162.20,64290.68,14.00
39104.28,65343.70,-56.00
39132.53,66029.77,-77.00
39131.83,66450.09,93.00
39134.65,66922.67,202.00
39146.66,67910.08,242.00
39109.93,70058.36,141.00
39016.69,72649.21,129.00
38973.61,73776.72,229.00
38542.73,85704.60,144.00
37971.29,100568.03,56.00
37862.52,106162.24,60.00
40465.42,40223.65,-45.00
40316.38,47694.84,-31.00
40271.88,50752.70,-51.00
40149.68,52489.57,-12.00
40079.04,53613.75,-42.00
40052.91,54195.30,48.00
39524.56,57742.41,-2.00
39627.69,62210.23,-55.00
39683.49,62751.74,-96.00
39726.57,63453.38,14.00
39807.81,64715.45,-26.00
39843.83,65269.20,-126.00
39843.83,65769.58,44.00
39849.48,66479.00,143.00
39736.46,67375.23,202.00
39405.89,69636.93,142.00
39181.27,72715.92,139.00
39172.80,74241.52,233.00
38963.72,85069.68,144.00
38472.10,97559.09,60.00
41146.34,40777.40,-44.00
40843.32,46906.47,-33.00
40977.52,51399.85,-32.00
41016.37,52758.66,-64.00
40992.36,53521.45,28.00
40875.81,55318.36,-12.00
40430.81,59061.19,18.00
40258.46,61878.86,-56.00
40216.78,62380.35,-156.00
40199.83,62757.30,-106.00
40236.56,63103.12,64.00
40298.72,63643.53,-86.00
40319.20,64109.43,14.00
40330.50,64722.12,24.00
40346.04,65224.72,-36.00
40370.06,65770.69,113.00
40412.44,66231.03,173.00
40375.71,67065.00,192.00
40309.31,68390.44,192.00
40232.32,70513.15,91.00
40153.92,72858.25,149.00
40075.51,75099.94,218.00
39530.21,88726.88,120.00
39093.68,102050.26,60.00
41343.41,44412.37,-37.00
41260.77,47228.93,19.00
41255.12,50485.83,-32.00
41226.86,52585.19,-52.00
41181.66,53513.67,38.00
41051.69,56263.52,-15.00
40983.17,59600.48,5.00
40990.94,61158.32,-76.00
40961.98,61679.83,-146.00
40946.44,62025.64,74.00
40928.78,62455.97,44.00
40892.05,63183.18,-56.00
40878.63,63592.38,-204.00
40839.78,64073.85,-26.00
40804.47,64416.33,94.00
40734.54,65253.63,37.00
40766.32,65870.76,123.00
40787.51,66901.54,152.00
40767.74,68805.20,172.00
40622.93,70848.96,79.00
40483.08,73137.35,169.00
40375.71,77558.46,177.00
39982.27,89486.34,113.00
39583.89,101341.94,60.00
41851.98,42393.07,-34.00
41815.25,45293.03,-31.00
41736.85,47217.81,-31.00
41659.86,48953.57,-21.00
41532.71,52602.98,-62.00
41507.99,53462.52,38.00
41451.48,55583.01,-10.00
41347.65,57846.94,-18.00
41311.63,59792.85,5.00
41276.31,61042.68,-76.00
41260.06,61520.82,-254.00
41247.35,61914.45,114.00
41226.86,62445.96,64.00
41210.62,62981.92,-36.00
41195.78,63356.65,-136.00
41183.07,63873.70,-76.00
41164.00,64328.49,74.00
41151.99,65656.16,113.00
41180.24,67504.22,152.00
41094.78,69546.87,152.00
41020.61,71338.22,90.00
40916.07,73098.43,159.00
40779.74,75339.01,218.00
40600.33,83819.85,145.00
40112.24,98506.47,60.00
39704.68,110721.24,49.00
41951.58,46817.51,-21.00
41932.51,47459.11,-31.00
42176.20,50156.70,-33.00
42146.53,52350.57,-65.00
42094.26,53021.08,27.00
41876.71,54661.20,-12.00
41662.68,56242.39,-22.00
41620.30,58626.41,-12.00
41640.79,59468.16,55.00
41694.47,60604.57,-45.00
41704.36,61331.79,-206.00
41711.42,61868.86,14.00
41705.77,62231.35,145.00
41693.76,62665.01,45.00
41677.52,63142.04,-56.00
41647.14,63607.95,-96.00
41604.05,64086.08,34.00
41528.48,64992.32,83.00
41493.86,66422.29,144.00
41483.27,67281.83,152.00
41449.36,68680.66,164.00
41387.91,70857.86,73.00
41406.28,73179.61,149.00
41156.93,76129.61,198.00
40675.20,91933.74,92.00
40192.06,106114.43,60.00
42725.03,41517.96,-42.00
42500.41,46997.65,-31.00
42456.62,50551.44,-34.00
42436.84,52406.17,-22.00
42427.66,53314.63,17.00
42210.81,55934.38,-23.00
42123.93,58246.13,-35.00
42106.27,59480.39,25.00
42073.07,60593.45,-75.00
42062.48,61078.26,-265.00
42050.47,61561.96,-186.00
42034.22,61861.07,34.00
42013.03,62331.43,134.00
42015.15,62847.37,34.00
42013.03,63403.35,-66.00
42017.27,64082.75,23.00
41978.42,65069.05,63.00
41919.79,66402.27,155.00
41837.86,69855.99,131.00
41814.55,71769.65,71.00
41722.02,73394.21,168.00
41487.51,77448.38,177.00
41402.75,90433.72,102.00
40608.10,106678.19,62.00
43222.30,41282.23,-39.00
43097.28,45330.84,-26.00
42792.14,48952.45,-21.00
42784.37,51656.72,-72.00
42825.34,52542.94,38.00
42852.88,53704.93,-2.00
42732.80,56133.42,-3.00
42631.80,56986.29,-27.00
42430.49,58668.67,2.00
42357.73,59643.85,15.00
42320.29,60492.26,-85.00
42314.64,60954.83,-345.00
42317.47,61392.94,-185.00
42314.64,61670.93,75.00
42321.71,62656.12,114.00
42316.06,63202.08,-6.00
42305.46,64635.39,33.00
42311.82,65562.75,132.00
42348.55,69570.22,142.00
42012.33,72217.77,80.00
42015.15,73485.39,178.00
42044.82,77367.21,178.00
41534.83,89859.96,113.00
41177.42,101909.04,67.00
43675.08,41373.41,-38.00
43286.58,47381.27,-21.00
43138.95,51175.24,-52.00
43093.75,52180.44,-12.00
43054.19,52979.93,28.00
42973.67,56391.40,9.00
42944.71,57984.82,-55.00
42917.87,59282.46,-5.00
42900.91,59867.35,5.00
42874.07,60442.23,-185.00
42840.87,60973.74,-205.00
42826.04,61346.24,35.00
42811.21,62016.75,165.00
42828.87,62666.12,74.00
42782.25,63741.38,-26.00
42746.22,64682.09,63.00
42706.67,65671.72,142.00
42653.69,68302.60,155.00
42568.22,71840.82,72.00
42518.78,73238.54,149.00
42383.87,76430.94,188.00
41811.72,93351.48,82.00
43908.17,40617.28,-38.00
43625.63,47689.28,-11.00
43669.42,51148.55,-62.00
43664.48,52080.37,-2.00
43505.55,53411.37,-2.00
43417.96,59981.88,-85.00
43367.11,60486.70,-285.00
43345.21,60819.18,-205.00
43338.85,61203.91,-5.00
43308.48,61630.90,185.00
43239.96,62447.07,124.00
43152.38,63559.02,43.00
43076.09,64816.63,93.00
43045.01,65914.13,172.00
43022.41,70498.70,111.00
42956.01,73069.52,119.00
42866.30,74625.14,217.00
42523.72,88605.68,113.00
41582.16,110278.68,46.00
44113.72,44436.83,-30.00
44101.00,47664.82,-16.00
44106.66,50766.04,-52.00
44011.30,51953.61,8.00
43834.00,54067.42,-6.00
43956.91,56836.17,-25.00
43904.64,57826.92,-125.00
43873.56,58322.85,-85.00
43799.39,59162.37,-15.00
43711.10,60232.07,-105.00
43678.61,60647.94,-185.00
43645.41,61142.75,-5.00
43626.34,61637.57,155.00
43577.60,63087.55,126.00
43600.91,64301.80,93.00
43611.50,65673.95,153.00
43526.04,67627.64,161.00
43373.46,70086.16,121.00
43133.30,73008.36,109.00
43126.24,74299.34,209.00
42996.27,84098.95,135.00
42288.51,105704.12,70.00
41866.82,110691.21,49.00
44454.89,45106.22,-28.00
44458.42,48310.86,-32.00
44433.70,51069.61,-57.00
44345.40,52240.49,30.00
44217.55,54863.58,-3.00
44178.70,57316.54,-65.00
44151.16,58307.28,-145.00
44125.73,58947.77,-55.00
44096.06,59698.33,53.00
44075.58,60194.26,-45.00
44052.97,61007.10,-5.00
44027.54,61491.91,105.00
43977.39,62225.79,104.00
43964.68,63067.54,199.00
43947.73,64250.65,108.00
43886.27,65847.41,162.00
43769.73,69077.62,161.00
43766.90,70775.57,100.00
43700.50,73350.85,149.00
43592.43,75986.17,188.00
43160.15,89991.17,103.00
42501.12,105760.83,68.00
45017.85,44437.94,-30.00
44885.76,46913.14,1.00
44832.78,49284.93,-32.00
44820.07,51996.97,18.00
44579.91,56907.34,-45.00
44530.47,57608.98,-125.00
44505.74,58293.94,-164.00
44525.52,58735.38,-95.00
44512.10,59133.46,45.00
44502.21,60409.98,-15.00
44483.14,60907.02,25.00
44470.43,61569.74,104.00
44469.01,62047.88,24.00
44457.01,62573.83,184.00
44439.35,63342.19,203.00
44370.83,64344.06,123.00
44234.50,66042.00,162.00
44075.58,69047.60,141.00
44129.26,72019.84,83.00
44129.96,73619.94,169.00
43945.61,79492.14,157.00
43510.50,91939.30,92.00
43163.68,98689.95,63.00
43115.65,105676.32,69.00
45335.00,45306.37,-30.00
45387.27,47853.85,-34.00
45316.63,50315.70,-32.00
45091.31,53111.14,-1.00
45028.44,55894.35,-11.00
45031.97,57456.64,-95.00
45005.13,58288.38,-192.00
44988.18,58800.99,-95.00
44975.47,59125.68,5.00
44845.50,60403.31,25.00
44776.28,61360.70,74.00
44772.04,61703.18,74.00
44769.21,62136.84,54.00
44779.81,62804.01,153.00
44793.93,63832.56,173.00
44742.37,66238.82,149.00
44625.12,69978.30,111.00
44559.43,72287.82,89.00
44499.39,74174.80,188.00
43972.45,89337.34,103.00
43600.91,100493.53,57.00
45821.67,41938.28,-37.00
45770.82,45632.17,-31.00
45753.87,46833.08,-1.00
45801.19,48349.78,-33.00
45803.31,50363.52,-35.00
45512.29,53793.88,-3.00
45386.56,57205.34,-74.00
45403.52,57872.51,-115.00
45415.52,58523.00,-164.00
45411.29,59100.10,1.00
45381.62,60117.54,35.00
45265.07,61662.03,54.00
45219.16,62294.73,74.00
45138.63,63039.74,153.00
44981.12,64137.23,163.00
44904.83,68441.59,151.00
44919.67,70519.82,110.00
44974.05,71857.50,98.00
45003.01,74023.57,178.00
44487.38,82558.90,136.00
44254.99,95013.84,72.00
46401.59,40408.24,-41.00
46107.75,46987.64,-34.00
45980.60,48821.24,-22.00
45947.41,51865.76,-1.00
45801.19,57203.12,-84.00
45786.36,57788.00,-104.00
45786.36,58170.51,-134.00
45761.64,58697.58,-85.00
45734.79,59364.75,-5.00
45705.13,59964.09,35.00
45563.15,61734.31,44.00
45481.21,62868.50,63.00
45450.84,63198.75,163.00
45460.73,64220.63,203.00
45510.88,67161.74,141.00
45416.94,70120.63,101.00
45344.89,71588.41,100.00
45232.58,76340.88,158.00
44605.34,95944.54,71.00
43992.23,108271.61,57.00
46493.41,44103.24,-30.00
46452.45,46598.46,-12.00
46426.31,49728.60,-29.00
46206.64,55117.10,-13.00
46174.85,57762.43,-88.00
46163.55,58296.16,-114.00
46136.71,58814.33,-34.00
46077.37,59944.07,-14.00
46022.28,60581.22,-35.00
46003.21,61094.94,65.00
45982.02,62248.03,43.00
45987.67,63125.36,113.00
45963.65,63540.12,213.00
45943.87,64828.87,192.00
45974.25,66819.26,139.00
45831.56,70828.94,100.00
45424.00,79492.14,146.00
44767.80,102970.95,59.00
47030.95,43597.31,-30.00
46947.60,46085.85,-32.00
46788.67,48504.34,-20.00
46655.17,50873.90,-13.00
46717.33,56487.02,-14.00
46635.39,58752.06,-80.00
46558.40,60055.27,-174.00
46528.73,60498.94,-204.00
46517.43,60909.24,95.00
46484.94,61388.50,165.00
46442.56,62245.81,54.00
46403.00,63186.52,93.00
46366.98,63726.92,233.00
46340.84,65233.62,182.00
46139.53,70772.23,100.00
45878.89,83248.31,125.00
45402.81,91207.64,92.00
45260.13,100569.14,60.00
47410.26,43259.27,-30.00
47386.95,46569.55,-21.00
47277.46,49191.52,-28.00
47020.35,55417.33,-24.00
47045.07,56910.68,-24.00
46987.86,58128.26,-43.00
46961.02,58855.47,-104.00
46936.30,59509.30,-174.00
46934.88,60203.16,-211.00
46910.87,60848.09,-45.00
46881.20,61249.50,295.00
46859.30,61924.45,134.00
46800.68,62924.10,13.00
46734.28,63742.49,213.00
46659.41,65061.26,232.00
46631.86,67528.68,131.00
46495.53,73427.57,148.00
45965.77,91508.98,92.00
48026.90,40593.93,-37.00
47944.26,42428.65,-39.00
47752.13,46723.00,-34.00
47667.37,48115.16,-21.00
47499.26,52319.44,-5.00
47433.57,55515.18,16.00
47432.86,56385.84,-4.00
47388.36,57873.62,-44.00
47345.98,58688.68,-204.00
47325.50,59164.60,-4.00
47299.36,59514.86,-84.00
47274.64,60000.78,-195.00
47269.69,60692.41,-125.00
47253.45,61170.55,165.00
47228.73,61836.61,194.00
47198.35,62499.33,-17.00
47178.57,63541.23,113.00
47165.86,63943.75,212.00
47135.49,65162.45,252.00
47135.49,65856.31,171.00
46928.53,71329.32,99.00
46672.12,80181.55,137.00
46169.91,96612.82,60.00
48264.24,41683.64,-39.00
47948.50,50323.49,-22.00
47783.21,55328.37,-23.00
47749.31,55984.42,37.00
47740.12,56514.82,-4.00
47680.79,58578.60,-104.00
47670.19,59239.10,-105.00
47657.48,60130.88,-225.00
47641.94,61261.73,115.00
47598.85,62582.73,-37.00
47557.18,63704.69,132.00
47533.87,64622.04,272.00
47514.09,65496.04,231.00
47468.18,66838.16,132.00
47254.15,73488.73,148.00
46884.03,85353.23,114.00
48675.33,39927.87,-42.00
48610.35,44387.90,-38.00
48548.89,46602.91,-34.00
48465.55,50321.26,-23.00
48235.98,54898.05,-31.00
48243.75,56448.10,-13.00
48168.17,59450.37,-95.00
48150.51,59862.90,-205.00
48129.32,60431.11,-405.00
48109.54,60853.65,-285.00
48088.35,61390.72,294.00
48065.75,61875.53,194.00
48033.97,62372.57,3.00
48008.54,62963.02,-37.00
47979.58,63441.15,63.00
47947.08,64010.47,162.00
47911.77,64683.20,262.00
47862.32,65597.22,241.00
47824.18,66705.84,141.00
47693.50,72411.25,119.00
47350.22,83227.18,116.00
46679.89,104529.90,58.00
49082.90,41624.71,-37.00
49046.17,46011.35,-21.00
48907.72,47784.91,-32.00
48626.59,52962.14,-4.00
48623.77,55230.52,-3.00
48687.34,57621.21,-13.00
48613.17,59535.99,-106.00
48558.08,60050.82,-295.00
48531.94,60503.38,-255.00
48487.44,60891.45,-265.00
48448.59,61263.96,-46.00
48407.62,61723.19,274.00
48341.23,62270.27,73.00
48287.55,62749.52,-48.00
48286.84,63287.70,43.00
48304.50,63931.52,142.00
48312.97,64589.80,242.00
48346.17,65442.66,281.00
48349.70,66312.21,201.00
48281.19,68180.28,100.00
48064.34,71698.49,99.00
48002.89,76694.48,143.00
47248.50,99996.49,55.00
49530.02,40254.79,-37.00
49360.49,45030.61,-26.00
49219.93,47264.52,-31.00
48945.86,53878.39,-12.00
48940.92,56475.90,-12.00
49011.55,59511.52,-96.00
48981.18,59945.18,-236.00
48909.13,60584.56,-233.00
48798.24,61382.94,-86.00
48748.09,61932.24,214.00
48711.36,62435.95,13.00
48676.74,63178.73,-7.00
48657.67,63589.04,92.00
48683.81,64449.69,192.00
48708.53,64990.10,292.00
48740.32,65997.52,271.00
48745.26,66556.84,191.00
48670.39,69016.47,95.00
48459.19,73176.27,148.00
48107.43,83562.99,116.00
47375.65,102920.91,58.00
49876.13,39663.23,-42.00
49763.82,44613.63,-31.00
49679.76,46443.90,-31.00
49610.54,52117.06,-10.00
49329.41,59157.92,-55.00
49301.86,59897.37,-156.00
49273.61,60347.71,-195.00
49258.78,61083.82,-206.00
49248.89,61550.84,74.00
49251.01,61927.79,194.00
49219.93,62383.69,4.00
49174.72,63222.10,3.00
49159.18,63755.84,102.00
49136.58,64487.50,202.00
49089.96,65895.23,282.00
49042.63,66681.37,181.00
48979.06,69026.47,94.00
48815.90,73855.67,151.00
48466.25,87998.55,97.00
47795.22,108447.30,47.00
50178.45,41948.29,-40.00
50127.59,44510.22,-20.00
50110.64,44957.22,0.00
50092.98,46157.01,-32.00
49924.16,50493.62,-22.00
49840.10,55599.69,-14.00
49589.35,59651.63,-86.00
49586.52,60381.07,-169.00
49596.41,61206.14,-199.00
49605.60,61556.40,54.00
49621.14,61952.25,134.00
49619.72,62452.63,-16.00
49573.81,63461.17,22.00
49540.61,63925.96,122.00
49509.53,64693.21,222.00
49426.89,66173.21,272.00
49417.71,66895.98,171.00
49385.92,69979.42,89.00
49262.31,73687.77,148.00
48947.28,84226.82,110.00
48506.51,99729.62,55.00
48093.30,108198.22,47.00
50628.39,41454.58,-39.00
50468.05,44691.46,10.00
50373.40,45540.99,-30.00
50331.72,46151.45,-37.00
50410.13,54052.97,-20.00
50044.24,58912.18,-34.00
50116.99,60848.09,-136.00
50112.76,61236.16,-166.00
50081.68,61700.95,24.00
50040.71,62649.45,-36.00
50006.10,63659.10,72.00
49983.49,64564.22,192.00
49936.17,65484.92,233.00
49878.95,66755.87,212.00
49826.68,67991.25,111.00
49625.37,71397.15,88.00
49613.37,76463.19,138.00
49099.14,91594.60,82.00
51534.64,39420.83,-38.00
51461.89,44053.21,-20.00
51377.83,45515.42,-21.00
50996.40,54827.99,-23.00
50895.39,58097.13,-21.00
50860.07,60512.28,-77.00
50868.55,61291.76,-177.00
50845.95,61689.83,-127.00
50833.94,62143.51,-57.00
50832.53,62657.23,-87.00
50824.05,63147.60,-87.00
50807.80,63682.45,112.00
50766.13,64549.77,222.00
50728.69,65160.23,232.00
50651.70,65782.92,203.00
50537.27,66870.40,222.00
50497.72,68125.80,121.00
50530.91,71390.48,98.00
50309.83,78627.04,128.00
49975.72,86805.43,101.00
49477.75,103346.79,59.00
49255.25,110145.25,34.00
51779.04,44317.85,-4.00
51752.20,45497.63,-5.00
51617.99,46904.24,-31.00
51414.56,54771.29,-13.00
51423.04,56413.63,-3.00
51358.76,60515.61,-57.00
51300.13,61416.29,-147.00
51261.99,61948.92,-107.00
51238.68,62295.85,-27.00
51206.89,62713.94,-187.00
51179.34,63343.30,-7.00
51153.21,64098.32,192.00
51119.30,64669.86,302.00
51132.73,65074.61,252.00
51145.44,65719.54,203.00
51182.17,66974.93,192.00
50874.20,72016.51,109.00
50489.95,85535.59,105.00
50141.01,99963.13,60.00
49819.62,106041.04,58.00
49852.82,108130.39,46.00
52249.47,40980.89,-37.00
52209.91,44297.83,-2.00
52149.16,45414.23,-2.00
52060.87,47343.46,-35.00
51907.59,54638.96,-30.00
51875.10,56010.00,-1.00
51676.62,60054.16,-57.00
51645.54,61143.87,-77.00
51640.59,62026.75,-187.00
51638.47,62728.39,-208.00
51630.70,63178.73,-7.00
51596.80,63881.49,193.00
51569.25,64588.69,282.00
51575.61,65178.02,113.00
51549.47,65799.60,193.00
51504.27,67259.59,162.00
51331.21,71372.69,99.00
50991.46,81353.54,117.00
50554.22,98414.18,57.00
50301.35,105200.41,57.00
52797.59,38433.41,-41.00
52746.03,40699.57,-36.00
52510.82,44690.35,20.00
52497.40,45181.83,-20.00
52445.13,48223.02,-26.00
52405.57,52639.68,-11.00
52216.97,55440.68,-7.00
52080.65,57888.08,-10.00
52063.70,60543.41,-45.00
52084.18,61484.12,-87.00
52113.14,62132.39,-74.00
52130.80,62680.58,-138.00
52134.33,63383.33,13.00
52125.85,64056.06,173.00
52111.02,64496.39,373.00
52087.01,65066.82,93.00
52009.31,65747.34,193.00
51788.93,67900.07,132.00
51671.67,71001.30,120.00
51731.00,72026.51,109.00
51668.85,77787.52,128.00
51201.24,85418.83,105.00
50898.92,100499.09,58.00
53064.59,40920.84,-39.00
52909.20,44453.51,-30.00
52891.54,44876.05,50.00
52913.44,45762.27,-41.00
52837.15,51563.31,-14.00
52637.25,54846.90,-24.00
52572.27,58027.07,-13.00
52389.32,59642.73,-27.00
52257.24,60571.21,-50.00
52214.15,60846.98,-7.00
52156.93,61285.08,-57.00
52120.20,61550.84,-107.00
52058.04,61972.27,-137.00
52032.62,62192.43,-87.00
52031.91,62353.67,-127.00
52027.67,62583.84,-188.00
52033.32,62789.55,-138.00
52029.08,62989.70,-87.00
52033.32,63162.05,-27.00
52034.74,63368.88,23.00
52052.39,63650.20,73.00
52051.69,63823.66,133.00
52070.05,64026.04,193.00
52079.24,64297.35,293.00
52103.25,64493.06,351.00
52113.85,64716.56,193.00
52113.14,65094.62,95.00
52124.44,65480.47,143.00
52150.58,65798.49,193.00
52268.54,67309.62,141.00
52315.86,68482.73,111.00
52051.69,71746.30,109.00
51956.33,76013.96,140.00
51724.65,82806.86,106.00
51565.72,92555.32,77.00
51157.45,105301.60,54.00
53433.31,39505.33,-34.00
53279.33,47917.23,-30.00
53086.49,53418.04,-16.00
52962.88,55217.18,-5.00
52954.40,58293.94,-16.00
52900.01,61347.35,-10.00
52864.70,62516.01,-27.00
52824.44,63188.74,-87.00
52741.79,64354.06,213.00
52716.36,65080.17,174.00
52728.37,65832.96,197.00
52703.65,67745.51,133.00
52402.74,71650.67,112.00
52210.62,82190.84,106.00
51976.11,91470.06,83.00
51754.31,101954.63,59.00
53965.19,37250.30,-46.00
53842.29,39706.60,-38.00
54112.82,43558.39,-11.00
53607.07,47624.79,-32.00
53572.46,52832.05,-8.00
53390.93,56128.98,-4.00
53277.91,58410.69,-18.00
53268.73,61347.35,-12.00
53257.43,62957.46,-147.00
53180.44,64001.58,34.00
53126.05,64775.49,144.00
53080.13,65667.28,194.00
53097.09,66744.75,164.00
52989.02,68113.56,111.00
52971.36,70201.80,119.00
52919.79,73613.27,129.00
52618.89,77145.93,128.00
52578.63,80495.12,111.00
52557.43,84018.89,98.00
52325.05,90914.08,83.00
54406.66,37220.28,-44.00
54165.80,43146.97,-31.00
54299.30,44530.23,-40.00
54388.30,47429.08,-32.00
53536.44,53857.26,-13.00
53354.90,57389.93,-16.00
53330.89,60037.48,-17.00
53529.37,62298.07,-37.00
53548.44,63174.29,-187.00
53549.15,63703.57,14.00
53548.44,64827.75,-36.00
53523.72,66004.20,247.00
53443.91,67507.55,117.00
53438.25,68108.00,132.00
53451.67,71174.76,125.00
53198.80,78065.51,118.00
52952.99,85634.55,102.00
52582.86,96606.15,60.00
52390.74,105437.25,53.00
54721.69,40092.44,-48.00
54673.66,41641.39,-30.00
54368.52,45436.47,-32.00
54367.81,52107.05,0.00
54248.44,56182.35,-21.00
54065.49,59523.76,-7.00
54039.36,62180.20,-27.00
54013.22,62921.87,-127.00
53964.49,63521.21,-66.00
53892.44,64272.89,64.00
53868.42,64865.56,-71.00
53852.88,65665.05,235.00
53860.65,66404.50,235.00
53833.81,67063.88,134.00
53814.03,68103.56,172.00
53821.80,69000.90,101.00
53775.18,72839.35,119.00
53340.07,83467.36,104.00
53273.67,88742.45,90.00
53162.07,90738.40,88.00
52861.87,100522.44,56.00
52791.94,103931.67,58.00
52656.32,107875.76,42.00
55086.88,38708.07,-44.00
54914.53,43290.41,-11.00
54933.60,44476.86,-40.00
54838.24,50215.63,-15.00
54601.61,55623.04,-10.00
54520.38,58982.24,-8.00
54363.57,61514.15,-13.00
54343.80,62596.07,-47.00
54350.86,63294.38,-126.00
54367.81,64133.90,-26.00
54378.41,64844.43,-85.00
54386.18,65476.02,246.00
54327.55,66338.89,224.00
54280.22,66930.45,154.00
54213.83,67830.02,133.00
54184.87,69283.33,111.00
54030.88,73565.45,129.00
53787.19,83752.02,100.00
53568.93,86336.19,95.00
53638.86,90583.84,84.00
53595.06,92203.95,78.00
53364.09,95234.01,68.00
53366.21,98522.04,59.00
53300.52,101572.12,56.00
53302.63,103928.34,55.00
53034.93,109384.67,35.00
55502.21,40885.26,-43.00
55368.71,43438.30,-31.00
55275.47,45706.67,-31.00
55038.84,52479.56,-2.00
54941.37,56964.05,-9.00
54879.92,59886.25,-26.00
54858.02,61793.24,-36.00
54828.35,62510.45,-57.00
54805.04,63031.96,14.00
54727.34,63979.34,-56.00
54634.11,65403.74,315.00
54629.16,65840.74,224.00
54699.09,66642.46,174.00
54733.00,68432.69,132.00
54467.41,71153.63,126.00
54242.08,79578.87,110.00
54042.18,88729.10,87.00
53899.50,91825.88,81.00
53891.73,99339.32,60.00
53810.50,101125.11,62.00
53547.03,103315.65,57.00
53342.90,106309.02,50.00
56031.27,35805.88,-46.00
55810.18,42212.93,-30.00
55751.55,43563.95,-11.00
55709.17,45102.89,-29.00
55473.25,52671.92,-4.00
55405.44,56660.49,-14.00
55274.06,59582.69,-16.00
55227.44,61747.65,-56.00
55253.58,63116.46,64.00
55275.47,63801.43,-56.00
55161.75,64990.10,14.00
55102.42,66040.89,210.00
54987.99,67594.28,147.00
54925.83,69493.49,110.00
54677.90,82050.74,107.00
54308.48,91933.74,82.00
54085.98,101285.23,60.00
53821.80,109094.45,35.00
56411.99,37779.59,-39.00
56258.71,41824.86,-30.00
56053.16,43213.68,219.00
56063.76,43956.47,-31.00
56089.19,45235.21,-51.00
55935.91,52240.49,-4.00
55740.25,57408.83,-19.00
55662.55,60396.64,-45.00
55613.11,61759.89,-85.00
55614.52,62882.95,4.00
55556.60,64346.28,-96.00
55488.08,65439.33,184.00
55481.73,66602.43,183.00
55432.99,67838.91,142.00
55372.24,69466.81,106.00
55240.86,81504.77,107.00
54957.61,88875.88,89.00
54398.89,101667.75,59.00
54386.18,103649.24,59.00
54191.22,110062.96,24.00
56746.80,37185.81,-48.00
56628.13,41097.64,-38.00
56541.25,42380.83,-80.00
56488.98,43473.88,-81.00
56515.12,44853.81,-21.00
56493.93,46245.97,-42.00
56226.22,53638.21,-11.00
56185.96,58961.11,-22.00
56000.19,61098.28,-45.00
56009.37,62922.99,14.00
56021.38,64636.50,14.00
55869.51,66550.16,194.00
55812.30,68017.94,112.00
55837.73,72932.75,120.00
55504.33,81197.87,107.00
55175.88,88722.43,89.00
54779.61,103032.11,61.00
54675.78,108995.49,34.00
57159.31,37319.24,-48.00
57110.57,39946.78,193.00
57083.73,40548.34,-40.00
57018.75,41674.75,-50.00
56944.58,42543.18,-81.00
56902.20,43070.24,-120.00
56842.86,44266.70,-41.00
56880.30,45930.18,-22.00
56854.17,46480.59,-52.00
56684.64,53455.85,-15.00
56645.79,55665.29,-19.00
56462.14,60592.34,-47.00
56392.21,61670.93,-286.00
56352.66,62451.52,-6.00
56339.24,63516.77,-26.00
56357.60,64711.00,74.00
56342.06,65693.96,250.00
56341.36,66847.05,164.00
56161.94,69615.81,106.00
55789.70,82417.68,107.00
55779.81,86326.18,105.00
55416.04,95783.31,71.00
57494.83,38575.74,-28.00
57436.20,40249.23,-50.00
57405.83,41085.41,-70.00
57346.49,42406.41,519.00
57316.12,43098.04,143.00
57260.32,45174.05,-31.00
57234.18,46341.60,-32.00
57087.97,51367.61,-5.00
56940.34,56374.72,-18.00
56937.52,60504.50,-44.00
56893.02,61616.44,-236.00
56738.32,62994.15,62.00
56607.65,64080.52,-96.00
56331.47,65681.73,259.00
56072.24,67123.93,143.00
56292.62,69888.24,110.00
56404.93,75336.79,126.00
56130.86,86696.46,93.00
55828.54,95639.87,71.00
57843.06,38480.12,-38.00
57820.45,39698.81,-29.00
57870.60,40508.31,120.00
57867.07,41650.28,0.00
57805.62,42942.37,-56.00
57703.20,45666.64,-38.00
57610.67,47849.40,17.00
57473.64,51827.96,-4.00
57401.59,54853.57,-20.00
57245.48,59594.92,-25.00
57259.61,61587.53,-126.00
57232.06,62791.78,-29.00
57157.90,64163.92,-46.00
57117.63,65156.89,284.00
57015.92,66330.00,204.00
57023.69,67562.04,143.00
56854.17,72089.89,125.00
56746.80,77548.45,118.00
56470.62,88345.48,90.00
55942.27,108635.22,34.00
58285.94,39374.12,-38.00
58122.07,41151.02,-40.00
58165.15,42871.20,-50.00
58105.11,45973.54,-29.00
58037.30,49843.13,-9.00
57789.37,57781.33,-23.00
57634.68,60684.63,-46.00
57593.72,62296.96,-96.00
57921.46,63605.72,-56.00
58064.85,64168.37,74.00
58219.54,65403.74,225.00
58175.75,66863.73,163.00
57542.15,70265.19,123.00
56746.09,77600.72,118.00
56731.26,80186.00,113.00
56221.98,106898.35,48.00
58604.50,39873.39,-52.00
58555.76,41072.07,-50.00
58511.26,44923.86,-29.00
58427.21,46523.96,-33.00
58206.12,51671.17,-9.00
58127.01,56930.69,-14.00
58078.27,60175.36,-26.00
57914.40,61685.39,-26.00
57907.33,63236.55,-106.00
57950.42,64351.84,94.00
57955.37,65454.89,248.00
57918.64,67011.62,174.00
57833.17,70020.56,131.00
57716.62,74051.37,120.00
57357.09,84145.65,97.00
57044.17,97744.79,70.00
59054.45,39973.46,0.00
59039.62,40678.44,-30.00
59023.37,41456.80,-48.00
59025.49,42411.97,-30.00
59031.85,42741.11,40.00
59026.90,43151.42,-40.00
59000.06,44774.86,-35.00
58956.27,45703.34,-21.00
58760.61,49852.02,-13.00
58537.40,59086.76,-35.00
58427.21,61352.91,-56.00
58422.97,61703.18,-46.00
58416.61,62174.64,-196.00
58408.84,63020.84,-166.00
58399.66,63512.32,24.00
58381.30,64294.02,124.00
58348.10,65300.33,225.00
58319.14,66695.83,163.00
58192.70,69560.21,151.00
57849.41,84658.26,96.00
57258.91,92914.48,79.00
57375.45,100195.52,64.00
57028.63,110219.75,20.00
59425.28,40501.64,-40.00
59421.75,41903.81,-40.00
59425.28,42479.80,-30.00
59356.77,44292.28,-40.00
59317.21,45194.07,0.00
59295.31,45678.88,-21.00
59243.04,49882.04,-13.00
59012.77,55694.20,-25.00
58906.82,58529.67,-41.00
58869.38,60985.97,-106.00
58878.57,62055.66,-186.00
58859.50,62825.13,-146.00
58842.54,63312.17,54.00
58786.74,64573.12,145.00
58699.15,66098.71,185.00
58614.39,68978.66,152.00
58407.43,74162.57,120.00
58071.91,88405.53,91.00
57443.26,108621.88,34.00
59934.56,40686.22,10.00
59943.04,41233.30,-48.00
59866.05,42847.85,-30.00
59745.97,44972.79,-10.00
59671.09,46471.70,-21.00
59481.79,52578.52,-25.00
59382.90,57541.15,-17.00
59296.02,60257.64,-56.00
59378.66,61369.59,-146.00
59327.10,62123.49,-186.00
59304.50,62975.25,-105.00
59229.62,64138.35,155.00
59111.66,66411.17,155.00
58949.91,70862.30,141.00
58693.50,80914.32,118.00
58480.19,85591.18,95.00
57983.62,105246.00,57.00
60259.48,40792.97,10.00
60242.53,41132.12,-80.00
60207.21,41867.11,-50.00
60083.60,43591.75,-10.00
59931.03,45510.97,-26.00
59890.06,46430.55,-21.00
59846.97,48066.23,-12.00
59931.03,51433.21,-13.00
59877.35,54750.16,-25.00
59743.14,57602.31,-12.00
59589.16,59532.65,-26.00
59623.06,60502.27,-116.00
59639.31,61368.48,-135.00
59620.24,61987.84,-175.00
59544.66,62834.03,-135.00
59512.16,63212.09,15.00
59468.37,63746.94,165.00
59400.56,64744.36,131.00
59444.35,66986.05,154.00
59235.27,69923.82,161.00
59048.80,76235.24,131.00
58964.74,82744.59,108.00
58752.13,90510.45,88.00
58451.22,103173.32,68.00
60757.46,40261.46,-30.00
60712.96,40748.49,40.00
60688.94,41060.95,-20.00
60641.62,41506.84,-56.00
60440.31,43509.46,-34.00
60465.03,45295.25,-30.00
60473.51,47291.20,-19.00
60320.94,53521.45,-30.00
60193.09,57764.65,-15.00
60020.74,60076.39,-36.00
59953.63,60599.01,-136.00
60019.32,61726.53,-116.00
60118.92,62906.31,-115.00
60105.50,63893.72,155.00
59892.18,65561.64,135.00
59801.06,67274.04,144.00
59896.42,68193.62,143.00
59749.50,71397.15,122.00
59495.92,79998.08,128.00
58584.73,108367.24,35.00
60876.83,40598.38,-20.00
60935.46,41504.62,-52.00
60949.59,43965.36,-38.00
60565.33,54169.72,-24.00
60626.79,57414.39,-14.00
60542.73,60096.41,-56.00
60479.16,61432.97,-96.00
60409.23,62711.71,-155.00
60380.27,63195.41,-5.00
60332.94,64038.27,148.00
60290.56,65758.46,134.00
60254.54,67169.52,204.00
60261.60,67788.88,143.00
60300.45,68447.15,131.00
60316.70,69331.15,143.00
60245.36,70838.95,142.00
60035.57,73937.95,100.00
59840.62,85830.25,95.00
59421.04,98146.20,73.00
61457.45,39725.50,-19.00
61417.19,40526.10,-10.00
61414.37,41265.55,-49.00
61321.83,42915.68,-29.00
61327.48,43370.47,-20.00
61309.83,44789.32,-20.00
61210.94,48134.06,-13.00
61006.10,54471.06,-22.00
61010.33,56920.68,-22.00
60911.44,60393.30,-69.00
60881.78,61410.73,-106.00
60816.09,62603.86,-186.00
60851.40,63050.86,-86.00
60882.48,63534.56,64.00
60886.72,64317.37,124.00
60776.53,66759.21,134.00
60684.00,68826.32,93.00
60698.83,70675.50,152.00
60463.62,72620.29,57.00
60344.24,78391.31,141.00
59957.87,92608.69,88.00
59591.98,105114.79,96.00
59575.03,105649.64,56.00
61979.45,39350.77,-33.00
62002.76,39970.13,1.00
61979.45,40430.48,60.00
61956.84,40782.96,-80.00
61857.25,43084.70,-9.00
61805.68,43859.73,-40.00
61649.58,46243.75,-20.00
61561.29,51693.41,-29.00
61398.83,54603.38,-23.00
61413.66,58282.82,-14.00
61241.31,60716.88,-76.00
61176.33,62266.94,-176.00
61161.49,62987.48,-116.00
61165.73,63432.26,34.00
61200.34,64060.51,127.00
61273.10,66933.79,105.00
60974.31,68839.67,50.00
60828.10,70066.15,142.00
60869.06,71659.57,62.00
60936.17,73068.41,21.00
60878.25,74577.33,120.00
60565.33,86665.33,95.00
59931.74,108001.41,35.00
62283.18,36755.48,-37.00
62244.33,39566.49,-19.00
62248.57,39977.91,26.00
62252.10,40600.60,-96.00
62253.51,41465.70,-40.00
62218.19,42453.11,-50.00
62172.28,43132.51,10.00
62132.02,44402.36,-30.00
62091.76,46537.30,-17.00
61844.53,51805.72,-32.00
61799.33,55985.53,-33.00
61702.56,57841.38,-14.00
61584.60,60738.00,-95.00
61580.36,61480.79,-64.00
61570.47,62110.15,-156.00
61586.01,62762.86,-186.00
61602.96,63293.26,14.00
61559.87,64920.05,94.00
61473.70,67003.84,95.00
61354.33,68586.14,34.00
61313.36,69456.80,33.00
61299.23,70122.86,132.00
61302.76,71184.77,92.00
61313.36,71839.71,-8.00
61326.78,72834.90,-29.00
61299.23,73742.25,70.00
61197.52,75985.05,134.00
60859.17,88938.15,93.00
60371.09,105535.10,76.00
62572.78,37808.50,-42.00
62587.61,39898.96,-39.00
62574.90,40557.24,120.00
62572.07,41510.18,-40.00
62510.62,43191.45,-1.00
62436.46,44832.68,-20.00
62431.51,48021.75,-18.00
62190.65,54636.74,-25.00
62080.45,56918.46,-4.00
62075.51,60973.74,-85.00
62024.65,62311.41,-166.00
61983.68,63086.44,-66.00
61951.19,63739.16,124.00
61883.38,65230.28,64.00
61803.57,66766.99,105.00
61767.54,68546.11,44.00
61756.24,69023.14,-57.00
61732.93,69543.53,-17.00
61723.75,69970.52,82.00
61698.32,70904.56,122.00
61685.60,71387.14,22.00
61678.54,71795.23,-78.00
61636.16,72580.26,-139.00
61626.98,73065.07,-39.00
61605.79,73696.66,60.00
61535.15,75642.57,139.00
61401.65,82474.39,117.00
60953.12,97330.03,81.00
60683.29,107249.73,46.00
63020.61,39658.78,-44.00
62954.21,41430.12,-40.00
62948.56,42496.48,-40.00
62938.67,43181.44,-19.00
62842.61,45321.94,-17.00
62793.16,48393.14,-22.00
62698.51,53252.36,-32.00
62535.34,57185.33,-14.00
62437.16,60898.13,-75.00
62413.85,61738.76,-95.00
62358.05,62797.33,-156.00
62290.24,63564.58,94.00
62266.93,64669.86,64.00
62279.65,66216.58,84.00
62189.23,67508.66,75.00
62099.53,68923.06,-26.00
62057.85,69682.52,-27.00
62080.45,70436.43,136.00
62104.47,71464.98,-88.00
62112.24,72048.75,-288.00
62124.95,73031.72,-169.00
62132.02,73808.97,31.00
62146.15,75304.54,150.00
61751.30,81680.46,128.00
61263.21,100839.34,85.00
61139.60,109376.89,25.00
63548.25,36362.96,-44.00
63369.54,39364.12,-39.00
63282.66,40520.54,-40.00
63230.39,41768.15,-30.00
63224.74,42505.37,-49.00
63235.34,43267.06,1.00
63263.59,44207.77,-32.00
63245.23,45807.86,-20.00
63049.57,48733.40,-22.00
62953.50,56142.32,-23.00
62801.64,60316.58,-34.00
62812.23,61594.21,-130.00
62786.81,62562.71,-135.00
62754.31,63202.08,-26.00
62692.86,64041.61,94.00
62673.08,65553.86,74.00
62653.31,66788.12,55.00
62612.34,68060.19,35.00
62569.96,69077.62,-66.00
62549.47,69539.08,-147.00
62529.69,69908.25,53.00
62483.07,70823.38,102.00
62460.47,71213.68,-8.00
62445.64,71529.47,-188.00
62436.46,72166.62,-278.00
62436.46,72729.27,-349.00
62450.58,73248.55,-199.00
62468.24,73755.59,-9.00
62468.24,74281.55,150.00
62312.14,77368.32,149.00
62269.76,84348.02,106.00
61563.41,102477.24,83.00
63847.74,36507.52,-41.00
63885.18,38861.51,-18.00
63865.40,39782.21,-39.00
63738.97,42303.00,-39.00
63693.05,43178.10,-40.00
63582.16,44753.73,-20.00
63531.30,45990.22,-23.00
63560.26,48545.48,-20.00
63311.62,58430.71,-3.00
63170.35,61457.44,-85.00
63161.17,62347.00,-65.00
63159.76,62954.12,-45.00
63142.10,64619.82,64.00
63043.21,66787.01,51.00
63003.66,67605.40,45.00
62956.33,69216.62,-16.00
62935.14,69807.06,63.00
62911.83,70504.26,134.00
62873.69,71262.60,42.00
62855.32,71751.86,-58.00
62844.73,72252.24,-158.00
62840.49,72504.65,-259.00
62848.26,72948.32,-279.00
62848.26,73336.39,-349.00
62845.43,73657.74,-269.00
62851.79,73865.68,-69.00
62847.55,74096.96,121.00
62819.30,75319.00,160.00
62783.27,78679.31,178.00
62317.79,90213.56,92.00
61848.77,109215.66,26.00
64246.13,38060.91,-41.00
64243.30,40010.16,-45.00
64049.76,43398.27,-40.00
63956.52,45774.50,-10.00
63820.20,53693.81,-28.00
63525.65,60381.07,-24.00
63459.96,62345.88,-65.00
63447.95,62999.71,-25.00
63419.70,63494.53,75.00
63485.39,65016.79,57.00
63423.93,66971.59,55.00
63399.92,67942.32,15.00
63316.57,69633.60,44.00
63307.39,70280.75,83.00
63310.21,71128.06,82.00
63284.78,71752.97,-48.00
63267.83,72215.55,-98.00
63224.74,72975.01,-169.00
63200.02,73705.56,-209.00
63184.48,73979.10,31.00
63185.19,74312.68,171.00
63170.35,76074.01,109.00
63101.13,79248.62,181.00
62812.23,91145.37,92.00
62240.80,108999.94,26.00
64512.42,39488.65,-40.00
64470.04,43598.42,-10.00
64308.28,45935.74,-20.00
64076.60,57018.53,-16.00
64071.66,61081.60,-54.00
64016.56,61934.46,56.00
63930.39,62689.48,-64.00
63837.15,63400.01,45.00
63796.18,64187.27,65.00
63793.36,66485.67,84.00
63795.47,67882.28,35.00
63819.49,68815.20,49.00
63642.20,70679.94,133.00
63506.58,71511.68,52.00
63499.51,72146.60,-28.00
63488.92,73007.25,-89.00
63469.14,73820.09,-89.00
63503.05,74632.92,156.00
63547.55,77124.80,100.00
63459.96,79478.80,192.00
63228.27,86697.57,101.00
62598.92,107988.06,37.00
64919.98,43108.05,-20.00
64855.71,44284.49,-30.00
64793.55,49015.84,-32.00
64567.52,56114.52,-23.00
64292.75,61119.40,-44.00
64281.44,61477.45,-138.00
64268.73,61835.50,-23.00
64253.90,62285.84,67.00
64261.67,62858.49,-13.00
64280.74,63667.99,6.00
64265.20,64334.05,66.00
64251.78,65766.24,65.00
64140.17,67539.80,25.00
64106.27,68216.98,25.00
64049.76,68728.47,65.00
63881.65,70111.74,4.00
64023.63,70743.32,133.00
64063.89,71678.47,53.00
64061.77,72459.06,-47.00
64055.41,73009.48,-148.00
64044.82,73659.97,-88.00
64015.15,74303.79,-49.00
63952.99,75306.76,10.00
63917.67,77473.95,89.00
63950.87,79127.42,188.00
63801.83,83158.24,127.00
63075.00,106156.68,57.00
65487.18,36225.08,-45.00
65361.45,41492.39,-39.00
65186.28,43197.01,-31.00
65166.50,48528.80,-32.00
64864.18,56736.10,-12.00
64747.63,61635.35,-43.00
64749.75,62170.20,18.00
64751.87,62855.16,-2.00
64729.27,63947.09,36.00
64692.54,64564.22,36.00
64638.15,65586.10,56.00
64458.03,67637.65,25.00
64436.13,68368.20,-28.00
64444.61,68789.63,75.00
64501.82,70164.00,55.00
64435.43,71875.29,33.00
64451.67,72633.64,-127.00
64470.04,73276.34,-287.00
64462.27,73730.02,-128.00
64465.09,74093.63,-48.00
64412.82,74611.80,1.00
64360.55,75036.56,41.00
64290.63,75807.14,0.00
64232.71,76567.71,60.00
64221.40,77986.56,99.00
64304.05,79364.27,199.00
64201.63,82949.19,137.00
63559.55,105195.96,67.00
65828.35,38004.20,-37.00
65667.30,41002.02,-29.00
65644.70,42430.87,-42.00
65529.57,49023.62,-37.00
65338.85,56602.67,-3.00
65149.55,61187.23,-10.00
65156.61,63001.93,18.00
64994.86,64467.48,17.00
64774.48,65428.21,58.00
64614.84,66785.90,45.00
65020.99,69906.03,59.00
64760.35,72348.98,-7.00
64654.40,73277.46,-287.00
64722.21,74032.47,-88.00
64881.84,74965.40,52.00
64845.82,75713.74,-39.00
64851.47,76757.86,31.00
64851.47,77821.99,30.00
64870.54,79183.02,169.00
64784.37,81876.16,168.00
64185.38,98315.22,89.00
66406.15,33517.49,-46.00
66067.80,39937.88,-44.00
66065.69,41802.62,1.00
66071.34,42305.22,31.00
66060.03,42942.37,-30.00
65956.20,49399.46,-36.00
65818.46,55169.36,-22.00
65659.53,57435.52,-13.00
65567.71,63624.63,27.00
65566.30,64613.15,28.00
65624.92,66251.05,46.00
65472.35,70267.41,54.00
65447.63,73416.45,-26.00
65429.26,74109.19,-6.00
65405.95,74520.62,86.00
65384.76,74928.70,-27.00
65352.27,75374.59,-200.00
65290.11,76056.22,-15.00
65214.53,76727.84,-39.00
65150.96,77383.89,20.00
65070.44,78513.63,0.00
65051.37,78933.94,99.00
65055.60,79316.45,199.00
65115.64,81816.12,178.00
64991.33,87401.44,104.00
64764.59,95464.18,85.00
64365.50,103005.42,87.00
64263.78,108570.73,31.00
66614.52,38622.45,-43.00
66631.47,41055.39,-39.00
66480.31,43111.39,-30.00
66459.12,45493.18,10.00
66226.03,50098.87,-39.00
65877.09,56169.01,-13.00
65723.81,57206.45,7.00
65858.02,63356.65,9.00
65920.88,64556.44,33.00
65909.58,66063.13,39.00
65778.20,73003.92,15.00
65713.22,74046.93,14.00
65710.39,74838.63,34.00
65675.07,75632.57,-287.00
65646.11,76080.68,-7.00
65560.64,76784.54,-108.00
65498.49,77389.45,25.00
65421.49,78862.78,9.00
65414.43,79557.75,209.00
65465.29,82542.22,167.00
65191.22,92054.94,93.00
64756.82,103174.44,87.00
67070.12,34534.92,-46.00
67061.64,38773.67,-44.00
66949.33,41565.78,-29.00
66953.57,43298.19,-30.00
66809.47,45551.00,0.00
66776.27,48260.82,-35.00
66600.39,55307.24,-21.00
66416.04,57293.19,-9.00
66286.77,64971.20,18.00
66194.95,66445.64,46.00
66204.84,70982.39,46.00
66035.31,74142.55,20.00
65966.80,75127.74,14.00
65922.30,75898.32,-186.00
65962.56,76736.73,-18.00
65946.31,77775.29,-39.00
65885.57,79168.56,-25.00
65884.15,80244.93,239.00
65753.48,83197.16,157.00
65562.76,91434.48,93.00
65374.87,98808.92,91.00
65001.21,109503.65,16.00
67467.79,38144.31,-38.00
67139.34,41802.62,-32.00
67178.89,43275.95,-30.00
67379.50,45577.69,-20.00
66885.76,57247.60,-11.00
66686.57,63755.84,13.00
66627.23,66612.43,37.00
66445.00,75174.44,45.00
66352.46,76256.37,-26.00
66351.76,76538.80,73.00
66304.43,77049.19,-8.00
66268.41,77809.76,-9.00
66276.88,78836.09,-50.00
66286.07,79396.51,-130.00
66289.60,79968.06,149.00
66267.00,81456.96,238.00
66211.19,84346.91,136.00
65808.57,94247.71,88.00
65624.92,100790.42,96.00
67919.15,34484.88,-49.00
67974.24,38656.92,-35.00
67673.34,43173.65,-30.00
67514.41,48695.59,-39.00
67221.28,62567.16,9.00
67151.35,66499.01,37.00
66816.54,75222.26,46.00
66731.07,77080.32,12.00
66775.57,78255.65,-29.00
66810.18,78902.81,-170.00
66722.59,79910.23,29.00
66677.38,80497.34,169.00
66572.14,82133.02,228.00
66514.92,84400.29,136.00
66223.20,94887.08,90.00
65949.14,105195.96,67.00
68331.66,33356.25,-55.00
68215.82,39381.91,-48.00
68137.41,44455.73,-20.00
67926.21,48333.10,-40.00
67836.51,54091.88,-24.00
67503.82,62757.30,9.00
67474.15,66228.81,24.00
67330.76,72636.97,48.00
67158.41,77290.48,22.00
67118.85,78233.41,-24.00
67089.19,78777.16,-130.00
67072.24,79120.75,-305.00
67096.25,79701.19,-130.00
67104.02,80391.71,-11.00
67088.48,80808.69,109.00
67088.48,81324.63,248.00
67089.19,82531.10,227.00
67009.37,85605.64,125.00
66480.31,95950.10,90.00
66296.66,108395.04,26.00
68529.44,40388.22,-43.00
68458.10,44476.86,-20.00
68333.07,48178.54,-39.00
68111.98,57121.95,-14.00
67869.00,66689.16,38.00
67796.95,74910.91,58.00
67775.76,77159.27,23.00
67739.03,77619.62,22.00
67628.13,78025.48,-38.00
67537.72,78506.95,-70.00
67465.67,79045.14,-190.00
67426.12,79537.73,-150.00
67373.85,80484.00,-101.00
67352.66,80925.44,89.00
67411.99,81396.91,248.00
67527.12,82227.54,288.00
67636.61,83038.15,197.00
67116.03,90874.05,96.00
67069.41,95181.75,89.00
66668.91,106635.93,47.00
69074.74,35775.86,-47.00
68991.39,40230.32,-35.00
68865.66,44445.72,-29.00
68689.78,48442.07,-35.00
68128.94,72183.30,48.00
67981.31,77800.87,-8.00
67973.54,78861.67,-50.00
67972.13,79789.03,-166.00
67873.24,81370.22,208.00
67815.32,82561.12,268.00
67385.85,86017.06,125.00
67423.29,95158.39,88.00
67122.39,100961.66,99.00
66902.00,109414.70,15.00
69467.47,36886.69,-47.00
69403.90,38874.86,-48.00
69273.93,43749.64,-29.00
69249.91,45118.45,-38.00
69196.23,49114.80,-37.00
68423.48,75570.30,56.00
68294.22,78495.83,-74.00
68218.64,79462.12,-390.00
68160.02,80899.87,-92.00
68029.34,82313.16,328.00
67952.35,87533.76,114.00
67790.59,95637.64,90.00
67763.05,99677.36,97.00
67431.77,109362.43,15.00
69889.16,36477.50,-47.00
69820.65,38880.42,-48.00
69608.03,41648.06,-29.00
69704.80,43851.94,-23.00
69595.32,47356.81,-39.00
69191.29,61645.36,0.00
68618.44,77878.70,36.00
68610.67,78722.67,-9.00
68702.49,80104.83,-257.00
68720.15,81827.23,208.00
68633.98,83092.63,217.00
68471.52,87587.13,114.00
68043.47,97944.94,90.00
67895.13,107956.93,26.00
70250.11,37234.73,-48.00
70298.14,38556.84,-48.00
70146.27,40808.54,-45.00
70017.01,45320.83,-42.00
69454.05,65084.61,20.00
69052.14,78015.47,52.00
69036.60,78935.05,-43.00
69034.48,80035.88,-341.00
69011.17,81363.55,-42.00
69048.60,82392.10,338.00
69014.70,82968.09,238.00
68910.87,86224.99,135.00
68433.37,103851.61,78.00
70603.99,38512.36,2.00
70513.58,40527.21,-38.00
70432.35,45925.73,-47.00
69725.99,68596.15,29.00
69504.91,78406.88,28.00
69525.39,79148.55,-18.00
69524.68,80069.24,-290.00
69475.24,81027.74,8.00
69432.86,82593.37,268.00
69376.35,83826.52,167.00
68956.07,97718.10,93.00
68567.58,110203.07,5.00
69770.49,69013.13,29.00
69921.65,78678.19,73.00
69905.41,79607.78,-9.00
69844.66,80914.32,-92.00
69913.18,82316.49,207.00
69777.56,86090.45,145.00
69162.33,103848.28,78.00
70521.35,70518.71,38.00
70336.28,78476.93,54.00
70276.24,79308.67,32.00
70226.09,80546.27,-291.00
70279.77,81200.10,8.00
70333.46,82505.52,207.00
70208.43,83823.18,176.00
69888.46,91341.07,101.00
69685.03,104692.25,68.00
70490.97,87517.08,124.00
69940.02,105341.63,58.00
70391.38,103977.26,79.00
68025.10,82432.13,308.00
68039.94,83166.02,197.00
33435.82,60915.92,17.00
34790.60,45406.45,-32.00
34258.01,50797.18,-23.00
35721.57,39341.88,-47.00
39672.89,64108.32,-16.00
39558.46,65052.37,-106.00
39496.30,65718.43,-36.00
40698.51,60868.10,-16.00
40694.28,61559.74,-116.00
40653.31,62205.78,-76.00
40609.51,62747.30,34.00
40591.15,63229.88,-6.00
42130.99,102102.52,60.00
44570.73,106064.39,64.00
52611.12,60422.21,-37.00
52456.43,62401.48,-37.00
52382.26,64189.50,163.00
53907.27,56739.44,-9.00
53733.51,60546.75,-19.00
53917.87,55097.09,-14.00
53992.03,49465.06,-22.00
56743.27,64071.63,-86.00
56694.53,65666.16,275.00
56852.05,66643.57,184.00
56691.00,68404.89,106.00
57694.72,63517.88,-76.00
57619.14,65047.92,275.00
57468.69,71947.57,125.00
57533.68,66784.78,194.00
57491.29,67679.90,113.00
59556.66,70607.67,151.00
59401.97,75920.56,129.00
39552.11,44093.24,-37.00
39275.22,48671.13,-27.00
39149.49,51925.81,-2.00
39136.77,52956.58,17.00
39081.68,54177.50,-2.00
38943.23,60572.32,6.00
38883.19,63513.43,-6.00
38796.31,65308.12,-26.00
38792.07,66183.22,-27.00
38748.99,66706.95,173.00
38696.01,67516.45,222.00
38651.51,68543.89,172.00
38604.18,71218.13,111.00
38581.58,72931.64,149.00
38518.72,74477.25,228.00
38218.52,82991.45,155.00
37697.23,95664.33,71.00
37261.41,108267.16,54.00
40636.35,44460.18,-32.00
40422.33,49918.74,-31.00
40370.77,51999.20,8.00
40349.58,52977.71,-72.00
40329.80,53638.21,-2.00
40300.13,54663.43,-2.00
40237.97,57955.91,-3.00
40028.89,61555.29,-16.00
39987.92,62328.09,-146.00
39965.32,62802.89,-86.00
39949.08,63303.27,24.00
39930.71,64309.59,-16.00
39981.57,64994.55,-106.00
40004.88,65377.06,-86.00
40014.77,65771.80,64.00
40056.44,66122.06,133.00
40043.73,67028.30,192.00
40006.29,67645.43,192.00
39863.61,69805.95,132.00
39697.61,72481.30,119.00
39679.96,73540.99,219.00
39509.02,77172.61,188.00
38958.07,94337.78,81.00
38953.12,100586.93,59.00
38532.84,105572.91,60.00
51097.41,40905.28,-38.00
51028.19,44392.35,9.00
51019.71,44886.06,-48.00
50661.59,52380.59,-14.00
50593.07,58439.61,-27.00
50616.38,60405.53,-85.00
50582.48,61222.81,-139.00
50537.27,62073.46,-26.00
50460.99,62852.93,-67.00
50376.93,63706.91,92.00
50321.84,64312.92,162.00
50239.90,65286.99,222.00
50177.74,66067.58,253.00
50151.60,66950.47,192.00
50075.32,68343.74,98.00
50071.08,72759.29,119.00
49498.23,88909.24,93.00
49206.51,102204.82,59.00
48927.50,108982.15,43.00
57653.05,90448.18,89.00
62108.71,89559.73,94.00
61932.83,93708.41,85.00
39528.80,66231.03,73.00
39528.80,66834.82,183.00
39504.78,67433.05,242.00
43314.84,55987.76,-4.00
43352.27,57645.67,-65.00
43362.87,58505.21,-35.00
43330.38,59917.39,-65.00
8136.45,5300.66,-62.00
27880.37,5242.84,-31.00
43897.58,5932.25,-42.00
61124.76,6298.08,-102.00
68879.79,6927.44,-52.00
4910.55,15052.46,-62.00
40384.89,16402.36,-86.00
66319.27,17230.77,-37.00
69578.37,17338.62,-49.00
22422.40,25853.93,-57.00
40044.43,26471.06,-61.00
53161.36,26895.83,-63.00
66152.57,27297.24,-63.00
685.16,1048.57,-30.00
541.77,6055.68,-52.00
2525.91,2921.09,-41.00
129.26,70437.54,50.00
4002.89,15247.05,-26.00
3892.70,16566.93,-27.00
1979.90,69851.54,40.00
1344.19,85223.13,44.00
409.68,108927.66,-27.00
4007.13,70743.32,40.00
3743.66,77681.89,77.00
2937.01,98209.58,-11.00
8296.09,8443.03,-64.00
6117.70,72131.04,50.00
5913.57,75622.56,128.00
5072.30,92020.47,22.00
8122.33,66347.79,2.00
7984.59,72515.77,39.00
7892.76,74689.63,139.00
7581.26,83762.03,65.00
11869.52,8518.64,-67.00
9898.09,68738.48,-19.00
9757.53,71718.50,-60.00
9738.46,72344.53,40.00
9732.10,73426.46,132.00
9785.78,79646.70,117.00
9201.63,96260.34,10.00
13921.47,12181.40,-65.00
11970.52,70468.67,-30.00
11926.02,71806.35,-50.00
11863.16,73424.23,-51.00
11801.00,74432.77,159.00
11755.09,77987.67,217.00
11613.82,81133.38,116.00
10960.44,97191.04,10.00
14254.16,68694.00,1.00
14034.48,72685.90,-60.00
13976.56,73740.03,-71.00
13881.91,74974.29,-71.00
13802.80,76263.04,178.00
13704.62,78390.20,257.00
13611.38,80506.24,156.00
13248.31,90769.53,52.00
18165.93,6954.13,-64.00
17857.25,25311.30,-61.00
15902.78,73325.27,19.00
15858.28,74357.16,-81.00
15868.87,75169.99,-271.00
15838.50,75650.36,28.00
15781.29,76642.22,138.00
15771.40,77652.98,208.00
15704.29,78932.83,294.00
15683.81,80521.81,196.00
15608.94,86323.96,94.00
20208.69,3822.88,-61.00
19622.42,23854.65,-62.00
17826.88,75602.54,-72.00
17790.15,76452.07,-172.00
17761.89,76921.31,78.00
17715.98,77719.69,239.00
17660.18,79864.64,257.00
17577.54,82123.01,156.00
17257.56,94003.08,51.00
22152.57,7825.90,-69.00
21215.24,27891.02,-60.00
19747.45,77123.69,-42.00
19738.26,77946.53,208.00
19693.06,79731.21,297.00
19677.52,81449.17,196.00
19576.51,87930.72,94.00
18536.76,109046.64,7.00
23419.76,21775.30,-49.00
21425.03,77890.93,278.00
21237.14,79960.27,287.00
21105.76,82065.19,186.00
21023.12,89658.69,83.00
20524.43,108622.99,6.00
25606.62,17816.76,-61.00
23627.43,80439.52,248.00
23866.18,84077.82,145.00
23355.49,96843.00,40.00
28172.80,5700.96,-32.00
27340.01,24112.62,-42.00
25530.34,84465.89,145.00
25107.23,97246.64,40.00
30061.58,6461.54,-22.00
29541.00,24646.36,-50.00
27574.52,86230.55,115.00
26782.70,109311.28,16.00
32115.65,7096.46,-22.00
31587.30,22420.23,-59.00
31236.95,29359.91,-42.00
29067.74,93539.40,62.00
34024.91,6993.05,-22.00
33411.80,23072.95,-59.00
33388.49,29647.90,-42.00
36071.21,3791.75,19.00
35677.77,13810.41,-81.00
35126.82,31746.15,-72.00
38075.83,6578.29,-32.00
37453.54,26743.49,-53.00
39975.21,3902.94,9.00
39756.95,13763.71,-87.00
39139.60,34012.30,-71.00
42024.33,4422.22,-1.00
41612.53,13578.01,-91.00
41250.17,34195.78,-71.00
43927.24,5192.80,-21.00
44007.06,13093.20,-100.00
46356.38,1314.32,60.00
46017.33,5729.87,-42.00
45518.65,21892.06,-69.00
47952.73,995.19,61.00
47798.75,5277.31,-41.00
47466.77,20458.75,-78.00
46894.62,37707.31,-65.00
50210.94,3268.02,-10.00
49659.28,10807.03,-108.00
48824.37,35827.01,-69.00
51829.89,2388.47,-10.00
51129.90,10086.49,-109.00
53978.61,0.00,41.00
53919.28,3557.13,-61.00
53380.33,20042.89,-68.00
52878.12,33654.26,-69.00
55767.80,3424.80,-81.00
55259.93,23763.47,-49.00
57887.56,3074.54,-90.00
57378.28,24581.86,-41.00
59756.56,967.40,-79.00
59127.20,23559.98,-49.00
58796.63,31021.16,-73.00
61640.40,14218.50,-85.00
61351.50,26185.29,-31.00
61168.56,33527.49,-69.00
63323.63,10279.97,-93.00
63580.04,22160.04,-31.00
63644.32,26166.39,-51.00
65641.87,13336.72,-65.00
65414.43,21748.62,-40.00
65373.46,23199.71,11.00
65247.02,26001.82,-51.00
67621.07,8960.09,-63.00
67484.04,17534.33,-7.00
67200.79,22937.29,-68.00
67035.50,27987.76,-71.00
69516.21,10464.55,-95.00
69110.06,17576.58,-37.00
69235.79,24266.07,-58.00
69232.26,28641.59,-75.00
7408.91,74567.32,149.00
11263.47,74601.79,181.00
12570.92,74674.06,89.00
13267.38,74719.65,-11.00
14004.11,74784.15,-111.00
14904.71,74843.08,-151.00
15650.61,74880.89,-241.00
16482.69,74922.03,-81.00
17707.51,75009.87,19.00
15293.90,84759.44,105.00
25523.28,95368.55,51.00
22877.99,76891.29,-90.00
22637.13,79645.59,357.00
22543.18,80530.70,247.00
22353.88,83925.48,145.00
