observation_index,A,B,M,N,value,dV,I,rel_err,K,fid,reciprocal_group,reciprocal_pair_count,reciprocal_error_percent,reciprocal_mean_value,reciprocal_partner_value
0,2,5,3,4,434.061322,,,0.05,1.0,0,2-5|3-4,1,0.08221171425503561,434.23982,434.418318
1,2,8,4,6,189.157397,,,0.05,1.0,1,2-8|4-6,1,0.0027188627915234057,189.1599685,189.16254
2,2,11,5,8,108.616228,,,0.05,1.0,2,2-11|5-8,1,1.4299260319983065,109.398386,110.180544
3,2,14,6,10,67.4879981,,,0.05,1.0,3,2-14|6-10,1,0.16145414004906267,67.5425232,67.5970483
4,2,17,7,12,54.4777774,,,0.05,1.0,4,2-17|7-12,1,0.1836452506285744,54.5278463,54.5779152
5,2,20,8,14,34.8661281,,,0.05,1.0,5,2-20|8-14,1,0.5357773776011067,34.9597814,35.0534347
6,2,23,9,16,24.7948336,,,0.05,1.0,6,2-23|9-16,1,0.15449181041796795,24.814001400000002,24.8331692
7,2,26,10,18,20.4168594,,,0.05,1.0,7,2-26|10-18,1,0.7162005831845136,20.34400745,20.2711555
8,2,29,11,20,16.0963544,,,0.05,1.0,8,2-29|11-20,1,0.4567834903293553,16.1332013,16.1700482
9,2,32,12,22,12.2745814,,,0.05,1.0,9,2-32|12-22,1,0.17504530412089736,12.28533385,12.2960863
10,2,35,13,24,10.9741666,,,0.05,1.0,10,2-35|13-24,1,2.3134211607867465,11.10259145,11.2310163
11,2,38,14,26,9.88185492,,,0.05,1.0,11,2-38|14-26,1,0.0160763571686781,9.882649305000001,9.88344369
12,2,41,15,28,9.15067826,,,0.05,1.0,12,2-41|15-28,1,0.03112909458536936,9.14925422,9.14783018
13,2,44,16,30,8.09875892,,,0.05,1.0,13,2-44|16-30,1,0.41136420151734754,8.11545095,8.13214298
14,2,47,17,32,7.24957476,,,0.05,1.0,14,2-47|17-32,1,1.9187286908703056,7.319798295,7.39002183
15,3,6,4,5,420.959041,,,0.05,1.0,15,3-6|4-5,1,0.07808010680741048,420.79476250000005,420.630484
16,3,9,5,7,160.62388,,,0.05,1.0,16,3-9|5-7,1,0.12777041912744852,160.7265605,160.829241
17,3,12,6,9,97.2712787,,,0.05,1.0,17,3-12|6-9,1,0.14732946427081686,97.34298615,97.4146936
18,3,15,7,11,73.771863,,,0.05,1.0,18,3-15|7-11,1,0.030535436231442056,73.783128,73.794393
19,3,18,8,13,48.9316455,,,0.05,1.0,19,3-18|8-13,1,0.39911850820237743,48.83419235,48.7367392
20,3,21,9,15,31.2403657,,,0.05,1.0,20,3-21|9-15,1,0.027751924977255676,31.2360314,31.2316971
21,3,24,10,17,24.9794424,,,0.05,1.0,21,3-24|10-17,1,0.05086569782024466,24.985796999999998,24.9921516
22,3,27,11,19,18.8794026,,,0.05,1.0,22,3-27|11-19,1,0.4289144631395173,18.839001,18.7985994
23,3,30,12,21,14.0634452,,,0.05,1.0,23,3-30|12-21,1,0.04669789622556932,14.0601623,14.0568794
24,3,33,13,23,12.5965113,,,0.05,1.0,24,3-33|13-23,1,0.2650184350290572,12.57984185,12.5631724
25,3,36,14,25,11.5254056,,,0.05,1.0,25,3-36|14-25,1,0.20821268788314873,11.5134194,11.5014332
26,3,39,15,27,10.1230512,,,0.05,1.0,26,3-39|15-27,1,0.0913180925999941,10.127675400000001,10.1322996
27,3,42,16,29,8.87256691,,,0.05,1.0,27,3-42|16-29,1,0.2615366603224181,8.860979555,8.8493922
28,3,45,17,31,7.83657368,,,0.05,1.0,28,3-45|17-31,1,0.8129936201281588,7.804847225,7.77312077
29,3,48,18,33,6.98030793,,,0.05,1.0,29,3-48|18-33,1,1.2583792750139782,7.02450539,7.06870285
30,4,7,5,6,396.373334,,,0.05,1.0,30,4-7|5-6,1,0.01045962595544988,396.3526055,396.331877
31,4,10,6,8,165.077091,,,0.05,1.0,31,4-10|6-8,1,0.09374131495054988,165.15449999999998,165.231909
32,4,13,7,10,94.7022421,,,0.05,1.0,32,4-13|7-10,1,0.09058911628900775,94.74515650000001,94.7880709
33,4,16,8,12,72.2381716,,,0.05,1.0,33,4-16|8-12,1,0.13509599429593408,72.1894091,72.1406466
34,4,19,9,14,41.623572,,,0.05,1.0,34,4-19|9-14,1,0.1724944960443989,41.58770375,41.5518355
35,4,22,10,16,30.8640817,,,0.05,1.0,35,4-22|10-16,1,0.10461506936188383,30.8479459,30.8318101
36,4,25,11,18,22.6510048,,,0.05,1.0,36,4-25|11-18,1,0.16009950862121536,22.669151399999997,22.687298
37,4,28,12,20,16.3491988,,,0.05,1.0,37,4-28|12-20,1,0.11844532466466669,16.3395221,16.3298454
38,4,31,13,22,14.4061536,,,0.05,1.0,38,4-31|13-22,1,0.5315839897630003,14.3679647,14.3297758
39,4,34,14,24,12.8384781,,,0.05,1.0,39,4-34|14-24,1,0.13440602866311355,12.82985605,12.821234
40,4,37,15,26,11.47582,,,0.05,1.0,40,4-37|15-26,1,0.13381456510749745,11.4835033,11.4911866
41,4,40,16,28,9.89247051,,,0.05,1.0,41,4-40|16-28,1,0.28033854511483597,9.878623715,9.86477692
42,4,43,17,30,8.57508165,,,0.05,1.0,42,4-43|17-30,1,0.25030769889059434,8.56436302,8.55364439
43,4,46,18,32,7.61458457,,,0.05,1.0,43,4-46|18-32,1,0.12335064748157157,7.609891145,7.60519772
44,4,49,19,34,6.66377059,,,0.05,1.0,44,4-49|19-34,1,0.09412389496955162,6.660635965,6.65750134
45,5,8,6,7,333.968287,,,0.05,1.0,45,5-8|6-7,1,0.03597718318385132,334.028374,334.088461
46,5,11,7,9,170.999333,,,0.05,1.0,46,5-11|7-9,1,0.14007079989637924,171.119177,171.239021
47,5,14,8,11,92.1768445,,,0.05,1.0,47,5-14|8-11,1,0.022039524747830153,92.16668795000001,92.1565314
48,5,17,9,13,59.1003545,,,0.05,1.0,48,5-17|9-13,1,0.07036652078952522,59.12115525,59.141956
49,5,20,10,15,38.3202792,,,0.05,1.0,49,5-20|10-15,1,0.04210302239934999,38.3122139,38.3041486
50,5,23,11,17,27.5815236,,,0.05,1.0,50,5-23|11-17,1,0.023154410781096098,27.5783308,27.575138
51,5,26,12,19,19.1095315,,,0.05,1.0,51,5-26|12-19,1,0.009641320507187825,19.11045275,19.111374
52,5,29,13,21,16.2513422,,,0.05,1.0,52,5-29|13-21,1,0.16954931301833867,16.23757685,16.2238115
53,5,32,14,23,14.6279924,,,0.05,1.0,53,5-32|14-23,1,0.024467047090306546,14.6262031,14.6244138
54,5,35,15,25,13.1912646,,,0.05,1.0,54,5-35|15-25,1,0.321148630346695,13.212480450000001,13.2336963
55,5,38,16,27,10.9928925,,,0.05,1.0,55,5-38|16-27,1,0.05010127533049526,10.9901394,10.9873863
56,5,41,17,29,9.34728497,,,0.05,1.0,56,5-41|17-29,1,0.3366032416181166,9.331579770000001,9.31587457
57,5,44,18,31,8.19782455,,,0.05,1.0,57,5-44|18-31,1,0.19898026181284922,8.189676630000001,8.18152871
58,5,47,19,33,7.16949149,,,0.05,1.0,58,5-47|19-33,1,0.16400499583091716,7.163617145,7.1577428
59,5,50,20,35,6.40100337,,,0.05,1.0,59,5-50|20-35,1,0.03488952267699877,6.399886925,6.39877048
60,6,9,7,8,339.990037,,,0.05,1.0,60,6-9|7-8,1,0.05633695404084639,340.085834,340.181631
61,6,12,8,10,129.618545,,,0.05,1.0,61,6-12|8-10,1,0.023022604097197794,129.6334675,129.64839
62,6,15,9,12,91.3387116,,,0.05,1.0,62,6-15|9-12,1,0.06213129489369715,91.31034545,91.2819793
63,6,18,10,14,53.3675748,,,0.05,1.0,63,6-18|10-14,1,0.14292153146960646,53.40573895,53.4439031
64,6,21,11,16,33.9466714,,,0.05,1.0,64,6-21|11-16,1,0.14286442901600224,33.92243985,33.8982083
65,6,24,12,18,22.9583019,,,0.05,1.0,65,6-24|12-18,1,0.2574789748921956,22.987896399999997,23.0174909
66,6,27,13,20,18.7832753,,,0.05,1.0,66,6-27|13-20,1,0.377293830269735,18.74790795,18.7125406
67,6,30,14,22,16.4028507,,,0.05,1.0,67,6-30|14-22,1,0.037158371483559764,16.399803749999997,16.3967568
68,6,33,15,24,14.4745877,,,0.05,1.0,68,6-33|15-24,1,0.11075806550980695,14.46657625,14.4585648
69,6,36,16,26,12.4429762,,,0.05,1.0,69,6-36|16-26,1,0.1265230603320514,12.4508528,12.4587294
70,6,39,17,28,10.2747206,,,0.05,1.0,70,6-39|17-28,1,0.32796382924204853,10.2578995,10.2410784
71,6,42,18,30,8.801843,,,0.05,1.0,71,6-42|18-30,1,0.08777467577848892,8.797981799999999,8.7941206
72,6,45,19,32,7.64345597,,,0.05,1.0,72,6-45|19-32,1,0.0807215844591933,7.646542175,7.64962838
73,6,48,20,34,6.84183896,,,0.05,1.0,73,6-48|20-34,1,0.1591129797176722,6.83640016,6.83096136
74,6,51,21,36,6.26614005,,,0.05,1.0,74,6-51|21-36,1,0.3155907134424159,6.276043355,6.28594666
75,7,10,8,9,369.234233,,,0.05,1.0,75,7-10|8-9,1,0.021551204449788447,369.2740245,369.313816
76,7,13,9,11,120.558615,,,0.05,1.0,76,7-13|9-11,1,0.20977512456553304,120.4322965,120.305978
77,7,16,10,13,79.9538517,,,0.05,1.0,77,7-16|10-13,1,0.048813123393865995,79.97337045,79.9928892
78,7,19,11,15,42.0470353,,,0.05,1.0,78,7-19|11-15,1,0.10448308299800346,42.02508075,42.0031262
79,7,22,12,17,27.5793858,,,0.05,1.0,79,7-22|12-17,1,0.5432983812091864,27.65450905,27.7296323
80,7,25,13,19,22.039913,,,0.05,1.0,80,7-25|13-19,1,0.38062012637165593,21.9980485,21.956184
81,7,28,14,21,18.2802645,,,0.05,1.0,81,7-28|14-21,1,0.1486958475593336,18.2666836,18.2531027
82,7,31,15,23,16.5851888,,,0.05,1.0,82,7-31|15-23,1,0.2811584574727265,16.561906200000003,16.5386236
83,7,34,16,25,13.8189194,,,0.05,1.0,83,7-34|16-25,1,0.18891010058500854,13.805879050000001,13.7928387
84,7,37,17,27,11.483726,,,0.05,1.0,84,7-37|17-27,1,0.3074008787755054,11.46610255,11.4484791
85,7,40,18,29,9.50126385,,,0.05,1.0,85,7-40|18-29,1,0.5240860960709105,9.47643152,9.45159919
86,7,43,19,31,8.11141605,,,0.05,1.0,86,7-43|19-31,1,0.2126502991190767,8.102800735,8.09418542
87,7,46,20,33,7.26403795,,,0.05,1.0,87,7-46|20-33,1,0.4319889689806953,7.248381845,7.23272574
88,7,49,21,35,6.59030368,,,0.05,1.0,88,7-49|21-35,1,0.09402179138298358,6.587206975,6.58411027
89,7,52,22,37,6.26490536,,,0.05,1.0,89,7-52|22-37,1,0.18749463735454464,6.2590376800000005,6.25317
90,8,11,9,10,255.933677,,,0.05,1.0,90,8-11|9-10,1,0.06134707523026545,256.012205,256.090733
91,8,14,10,12,147.050961,,,0.05,1.0,91,8-14|10-12,1,0.020044720340323934,147.0362245,147.021488
92,8,17,11,14,66.2938411,,,0.05,1.0,92,8-17|11-14,1,0.13497298037326,66.3386107,66.3833803
93,8,20,12,16,34.6261578,,,0.05,1.0,93,8-20|12-16,1,0.01679882754737128,34.623249650000005,34.6203415
94,8,23,13,18,28.0333039,,,0.05,1.0,94,8-23|13-18,1,0.5331320940586171,28.108230900000002,28.1831579
95,8,26,14,20,22.3414795,,,0.05,1.0,95,8-26|14-20,1,0.045239229983149,22.3465342,22.3515889
96,8,29,15,22,18.9179213,,,0.05,1.0,96,8-29|15-22,1,0.09548046467857191,18.908894150000002,18.899867
97,8,32,16,24,15.6468317,,,0.05,1.0,97,8-32|16-24,1,0.07678302457019104,15.640826950000001,15.6348222
98,8,35,17,26,13.1302053,,,0.05,1.0,98,8-35|17-26,1,0.3349110973949024,13.108254800000001,13.0863043
99,8,38,18,28,10.6910323,,,0.05,1.0,99,8-38|18-28,1,0.20546948722892133,10.702027000000001,10.7130217
100,8,41,19,30,8.79424753,,,0.05,1.0,100,8-41|19-30,1,0.1758573027861813,8.78652166,8.77879579
101,8,44,20,32,7.83673825,,,0.05,1.0,101,8-44|20-32,1,0.22704645423397915,7.827851819999999,7.81896539
102,8,47,21,34,7.06224407,,,0.05,1.0,102,8-47|21-34,1,0.0468222837271893,7.060591105,7.05893814
103,8,50,22,36,6.40728563,,,0.05,1.0,103,8-50|22-36,1,0.012927214133460945,6.406871515,6.4064574
104,8,53,23,38,6.10974394,,,0.05,1.0,104,8-53|23-38,1,0.00407324650425353,6.109868375,6.10999281
105,9,12,10,11,340.102379,,,0.05,1.0,105,9-12|10-11,1,0.0015845103234064233,340.1050735,340.107768
106,9,15,11,13,130.543917,,,0.05,1.0,106,9-15|11-13,1,0.11425362443652283,130.469384,130.394851
107,9,18,12,15,50.132182,,,0.05,1.0,107,9-18|12-15,1,0.1579554444008722,50.17180655,50.2114311
108,9,21,13,17,39.9603907,,,0.05,1.0,108,9-21|13-17,1,0.19002862537366272,39.998394899999994,40.0363991
109,9,24,14,19,30.4955288,,,0.05,1.0,109,9-24|14-19,1,0.09437932906249842,30.48114485,30.4667609
110,9,27,15,21,23.8028126,,,0.05,1.0,110,9-27|15-21,1,0.5746023496413024,23.73462275,23.6664329
111,9,30,16,23,19.3073639,,,0.05,1.0,111,9-30|16-23,1,0.1454481711376655,19.293332999999997,19.2793021
112,9,33,17,25,15.2716203,,,0.05,1.0,112,9-33|17-25,1,0.4335546476046202,15.2385865,15.2055527
113,9,36,18,27,12.6651792,,,0.05,1.0,113,9-36|18-27,1,1.3952406016728522,12.57743645,12.4896937
114,9,39,19,29,9.77817757,,,0.05,1.0,114,9-39|19-29,1,0.3244809431356023,9.762339105,9.74650064
115,9,42,20,31,8.47203396,,,0.05,1.0,115,9-42|20-31,1,0.2739131926840622,8.46044682,8.44885968
116,9,45,21,33,7.68373841,,,0.05,1.0,116,9-45|21-33,1,0.5578928004328357,7.662364520000001,7.64099063
117,9,48,22,35,6.81944288,,,0.05,1.0,117,9-48|22-35,1,0.2877711043484417,6.809644785,6.79984669
118,9,51,23,37,6.35174647,,,0.05,1.0,118,9-51|23-37,1,0.030905410097037456,6.350765105000001,6.34978374
119,9,54,24,39,6.07254561,,,0.05,1.0,119,9-54|24-39,1,0.4175401166419445,6.059894365,6.04724312
120,10,13,11,12,373.439533,,,0.05,1.0,120,10-13|11-12,1,0.10865278409515094,373.6425195,373.845506
121,10,16,12,14,82.1191941,,,0.05,1.0,121,10-16|12-14,1,0.025854558383638388,82.12981125,82.1404284
122,10,19,13,16,51.3436579,,,0.05,1.0,122,10-19|13-16,1,0.02583223208708669,51.33702715,51.3303964
123,10,22,14,18,39.6438135,,,0.05,1.0,123,10-22|14-18,1,0.13661269250526412,39.67091125,39.698009
124,10,25,15,20,29.9059152,,,0.05,1.0,124,10-25|15-20,1,0.09711187459674467,29.89140115,29.8768871
125,10,28,16,22,22.3368285,,,0.05,1.0,125,10-28|16-22,1,0.3838447190457221,22.29404125,22.251254
126,10,31,17,24,17.7876542,,,0.05,1.0,126,10-31|17-24,1,0.6472878975272208,17.73027125,17.6728883
127,10,34,18,26,14.2277314,,,0.05,1.0,127,10-34|18-26,1,0.8534342788182288,14.167277200000001,14.106823
128,10,37,19,28,11.2307027,,,0.05,1.0,128,10-37|19-28,1,0.005112900719371929,11.2304156,11.2301285
129,10,40,20,30,9.23380864,,,0.05,1.0,129,10-40|20-30,1,0.3287250109502796,9.218656625,9.20350461
130,10,43,21,32,8.28777441,,,0.05,1.0,130,10-43|21-32,1,0.3259383031501245,8.27428987,8.26080533
131,10,46,22,34,7.31082577,,,0.05,1.0,131,10-46|22-34,1,0.1967102094916194,7.303642265000001,7.29645876
132,10,49,23,36,6.49760452,,,0.05,1.0,132,10-49|23-36,1,0.06327224431717085,6.4955495800000005,6.49349464
133,10,52,24,38,6.42350746,,,0.05,1.0,133,10-52|24-38,1,0.2387008693391119,6.415850115,6.40819277
134,10,55,25,40,5.94526425,,,0.05,1.0,134,10-55|25-40,1,0.01046803886554691,5.94495309,5.94464193
135,11,14,12,13,210.275122,,,0.05,1.0,135,11-14|12-13,1,0.05744107956386015,210.3355315,210.395941
136,11,17,13,15,84.2078264,,,0.05,1.0,136,11-17|13-15,1,0.049528494953938414,84.228685,84.2495436
137,11,20,14,17,60.8827571,,,0.05,1.0,137,11-20|14-17,1,0.07282234393318196,60.904933299999996,60.9271095
138,11,23,15,19,43.7027086,,,0.05,1.0,138,11-23|15-19,1,0.1333639049774305,43.6735862,43.6444638
139,11,26,16,21,29.2509703,,,0.05,1.0,139,11-26|16-21,1,0.04409547937973481,29.2574209,29.2638715
140,11,29,17,23,22.1571623,,,0.05,1.0,140,11-29|17-23,1,0.18137391009061535,22.13708685,22.1170114
141,11,32,18,25,17.4108525,,,0.05,1.0,141,11-32|18-25,1,0.042299721037910624,17.414535649999998,17.4182188
142,11,35,19,27,13.4947733,,,0.05,1.0,142,11-35|19-27,1,0.3989163738462569,13.46791045,13.4410476
143,11,38,20,29,10.5610221,,,0.05,1.0,143,11-38|20-29,1,0.33467733795152066,10.543378950000001,10.5257358
144,11,41,21,31,9.1146792,,,0.05,1.0,144,11-41|21-31,1,0.19232471567436185,9.10592273,9.09716626
145,11,44,22,33,8.07099482,,,0.05,1.0,145,11-44|22-33,1,0.3584019650358178,8.05655739,8.04211996
146,11,47,23,35,6.9817795,,,0.05,1.0,146,11-47|23-35,1,1.1560037420721774,6.9416565949999995,6.90153369
147,11,50,24,37,6.78679144,,,0.05,1.0,147,11-50|24-37,1,0.28044816539854434,6.77728805,6.76778466
148,11,53,25,39,6.14945343,,,0.05,1.0,148,11-53|25-39,1,0.5221585029891957,6.13344029,6.11742715
149,11,56,26,41,5.87815853,,,0.05,1.0,149,11-56|26-41,1,0.5124488210190742,5.863135745,5.84811296
150,12,15,13,14,297.259981,,,0.05,1.0,150,12-15|13-14,1,0.03165549010649068,297.307038,297.354095
151,12,18,14,16,103.081959,,,0.05,1.0,151,12-18|14-16,1,0.07555499252719032,103.1209155,103.159872
152,12,21,15,18,69.7287093,,,0.05,1.0,152,12-21|15-18,1,0.05356114550586216,69.74738805000001,69.7660668
153,12,24,16,20,44.0953227,,,0.05,1.0,153,12-24|16-20,1,0.04246963473322741,44.104688249999995,44.1140538
154,12,27,17,22,28.6854995,,,0.05,1.0,154,12-27|17-22,1,0.5082714040809682,28.6127842,28.5400689
155,12,30,18,24,21.7104337,,,0.05,1.0,155,12-30|18-24,1,0.3846648771762835,21.66875765,21.6270816
156,12,33,19,26,15.9659609,,,0.05,1.0,156,12-33|19-26,1,0.047521704535549374,15.969755450000001,15.97355
157,12,36,20,28,13.133796,,,0.05,1.0,157,12-36|20-28,1,0.19448310521861645,13.1210369,13.1082778
158,12,39,21,30,10.3416026,,,0.05,1.0,158,12-39|21-30,1,0.16877961848923348,10.332882699999999,10.3241628
159,12,42,22,32,8.92579072,,,0.05,1.0,159,12-42|22-32,1,0.19994748867312492,8.916876185,8.90796165
160,12,45,23,34,7.65161166,,,0.05,1.0,160,12-45|23-34,1,0.2463402301292287,7.642198755000001,7.63278585
161,12,48,24,36,7.02376431,,,0.05,1.0,161,12-48|24-36,1,0.05000663218357585,7.022008575,7.02025284
162,12,51,25,38,6.58313649,,,0.05,1.0,162,12-51|25-38,1,0.10084913214200628,6.579818645,6.5765008
163,12,54,26,40,6.26902931,,,0.05,1.0,163,12-54|26-40,1,0.523963404010401,6.252648515,6.23626772
164,13,16,14,15,185.633897,,,0.05,1.0,164,13-16|14-15,1,0.029599586962018722,185.6613745,185.688852
165,13,19,15,17,108.124021,,,0.05,1.0,165,13-19|15-17,1,0.036557809328088005,108.1437885,108.163556
166,13,22,16,19,60.0358011,,,0.05,1.0,166,13-22|16-19,1,0.04492712197896383,60.02231795,60.0088348
167,13,25,17,21,35.7044684,,,0.05,1.0,167,13-25|17-21,1,0.17939239200263543,35.67247155,35.6404747
168,13,28,18,23,25.6979151,,,0.05,1.0,168,13-28|18-23,1,0.8205729361183655,25.59291085,25.4879066
169,13,31,19,25,18.8557761,,,0.05,1.0,169,13-31|19-25,1,0.05076783588065928,18.86056365,18.8653512
170,13,34,20,27,14.3902894,,,0.05,1.0,170,13-34|20-27,1,0.1387910267080096,14.40028255,14.4102757
171,13,37,21,29,11.584584,,,0.05,1.0,171,13-37|21-29,1,0.2216620672938442,11.571758899999999,11.5589338
172,13,40,22,31,9.3371193,,,0.05,1.0,172,13-40|22-31,1,0.2670507804111186,9.3246685,9.3122177
173,13,43,23,33,8.03928765,,,0.05,1.0,173,13-43|23-33,1,0.4733090505312253,8.02030723,8.00132681
174,13,46,24,35,7.21606486,,,0.05,1.0,174,13-46|24-35,1,0.5833707537066689,7.19507787,7.17409088
175,13,49,25,37,6.74418542,,,0.05,1.0,175,13-49|25-37,1,0.5188143419847487,6.726735785,6.70928615
176,13,52,26,39,6.41492048,,,0.05,1.0,176,13-52|26-39,1,0.7436420569192419,6.391156815,6.36739315
177,13,55,27,41,6.04877266,,,0.05,1.0,177,13-55|27-41,1,0.10132970974767604,6.045709609999999,6.04264656
178,14,17,15,16,219.088933,,,0.05,1.0,178,14-17|15-16,1,0.0196886956167473,219.110503,219.132073
179,14,20,16,18,93.284138,,,0.05,1.0,179,14-20|16-18,1,0.07607562994667652,93.31963475,93.3551315
180,14,23,17,20,49.9268973,,,0.05,1.0,180,14-23|17-20,1,0.091790649612876,49.9039937,49.8810901
181,14,26,18,22,31.168284,,,0.05,1.0,181,14-26|18-22,1,0.14077599762722326,31.146360700000002,31.1244374
182,14,29,19,24,21.1014271,,,0.05,1.0,182,14-29|19-24,1,0.006206022733721716,21.1020819,21.1027367
183,14,32,20,26,16.463986,,,0.05,1.0,183,14-32|20-26,1,0.06031895306374078,16.46895295,16.4739199
184,14,35,21,28,13.4192321,,,0.05,1.0,184,14-35|21-28,1,0.1146345608070725,13.42692805,13.434624
185,14,38,22,30,10.0412505,,,0.05,1.0,185,14-38|22-30,1,0.032047956292861474,10.039641750000001,10.038033
186,14,41,23,32,8.38114379,,,0.05,1.0,186,14-41|23-32,1,0.20467513252044078,8.3725755,8.36400721
187,14,44,24,34,7.59673667,,,0.05,1.0,187,14-44|24-34,1,0.13910953806499005,7.591456450000001,7.58617623
188,14,47,25,36,6.56509746,,,0.05,1.0,188,14-47|25-36,1,0.08975713435344278,6.56215246,6.55920746
189,14,50,26,38,6.63725049,,,0.05,1.0,189,14-50|26-38,1,0.25157264772803356,6.628912225,6.62057396
190,14,53,27,40,6.19849935,,,0.05,1.0,190,14-53|27-40,1,0.6142127527089433,6.1795216449999995,6.16054394
191,14,56,28,42,5.85252225,,,0.05,1.0,191,14-56|28-42,1,0.3376106360248619,5.84265953,5.83279681
192,15,18,16,17,270.920732,,,0.05,1.0,192,15-18|16-17,1,0.1769968845596713,271.160705,271.400678
193,15,21,17,19,89.751664,,,0.05,1.0,193,15-21|17-19,1,0.019583838512011446,89.74287645000001,89.7340889
194,15,24,18,21,47.4924641,,,0.05,1.0,194,15-24|18-21,1,0.029866460141316525,47.485372999999996,47.4782819
195,15,27,19,23,28.0336903,,,0.05,1.0,195,15-27|19-23,1,0.03924334652111719,28.0281907,28.0226911
196,15,30,20,25,20.2879413,,,0.05,1.0,196,15-30|20-25,1,0.020424561882162504,20.285869650000002,20.283798
197,15,33,21,27,15.0817979,,,0.05,1.0,197,15-33|21-27,1,0.08684515075510404,15.08834965,15.0949014
198,15,36,22,29,11.9438869,,,0.05,1.0,198,15-36|22-29,1,0.057514141285509766,11.9473226,11.9507583
199,15,39,23,31,8.8019016,,,0.05,1.0,199,15-39|23-31,1,0.1832918906984465,8.793842399999999,8.7857832
200,15,42,24,33,7.96654771,,,0.05,1.0,200,15-42|24-33,1,0.3165659179779799,7.95395795,7.94136819
201,15,45,25,35,6.69939614,,,0.05,1.0,201,15-45|25-35,1,0.7570196699514326,6.72485036,6.75030458
202,15,48,26,37,6.77329054,,,0.05,1.0,202,15-48|26-37,1,0.20566325662787666,6.766332609999999,6.75937468
203,15,51,27,39,6.35995499,,,0.05,1.0,203,15-51|27-39,1,0.38628731681843004,6.34769482,6.33543465
204,15,54,28,41,5.98420569,,,0.05,1.0,204,15-54|28-41,1,0.4086523176877109,5.972003324999999,5.95980096
205,16,19,17,18,226.196914,,,0.05,1.0,205,16-19|17-18,1,0.0639191715172796,226.12464549999999,226.052377
206,16,22,18,20,94.6856794,,,0.05,1.0,206,16-22|18-20,1,0.09328885098887477,94.6415344,94.5973894
207,16,25,19,22,43.3554052,,,0.05,1.0,207,16-25|19-22,1,0.045458275136543,43.36526175,43.3751183
208,16,28,20,24,25.7564739,,,0.05,1.0,208,16-28|20-24,1,0.024879947091148477,25.7532702,25.7500665
209,16,31,21,26,19.7078286,,,0.05,1.0,209,16-31|21-26,1,0.03882068814853251,19.7116547,19.7154808
210,16,34,22,28,14.2180774,,,0.05,1.0,210,16-34|22-28,1,0.03914938155204135,14.2152948,14.2125122
211,16,37,23,30,10.4737236,,,0.05,1.0,211,16-37|23-30,1,0.047907487128683195,10.47623305,10.4787425
212,16,40,24,32,8.65900582,,,0.05,1.0,212,16-40|24-32,1,0.3135514542250385,8.64545185,8.63189788
213,16,43,25,34,7.20951703,,,0.05,1.0,213,16-43|25-34,1,0.31232297432459094,7.198276095,7.18703516
214,16,46,26,36,6.72429363,,,0.05,1.0,214,16-46|26-36,1,0.06411992240834907,6.722138515,6.7199834
215,16,49,27,38,6.74501321,,,0.05,1.0,215,16-49|27-38,1,0.5435361399333792,6.7267320999999995,6.70845099
216,16,52,28,40,6.32087089,,,0.05,1.0,216,16-52|28-40,1,0.5003052672363347,6.30509852,6.28932615
217,16,55,29,42,6.08749119,,,0.05,1.0,217,16-55|29-42,1,0.09365350861760013,6.0903431,6.09319501
218,17,20,18,19,293.921743,,,0.05,1.0,218,17-20|18-19,1,0.12914285874586323,293.732076,293.542409
219,17,23,19,21,89.3328315,,,0.05,1.0,219,17-23|19-21,1,0.1268874694215991,89.27619135,89.2195512
220,17,26,20,23,47.6517733,,,0.05,1.0,220,17-26|20-23,1,0.0804887763867215,47.63260385,47.6134344
221,17,29,21,25,28.4185156,,,0.05,1.0,221,17-29|21-25,1,0.06678686589456491,28.40902885,28.3995421
222,17,32,22,27,19.3103527,,,0.05,1.0,222,17-32|22-27,1,0.08785879779056231,19.318839349999998,19.327326
223,17,35,23,29,13.5200304,,,0.05,1.0,223,17-35|23-29,1,0.09700390856501323,13.5134761,13.5069218
224,17,38,24,31,10.0587956,,,0.05,1.0,224,17-38|24-31,1,0.35799656137738955,10.0408227,10.0228498
225,17,41,25,33,7.93446816,,,0.05,1.0,225,17-41|25-33,1,1.165689301712998,7.888490515,7.84251287
226,17,44,26,35,7.218633,,,0.05,1.0,226,17-44|26-35,1,0.6874248222278474,7.19390665,7.1691803
227,17,47,27,37,7.06782136,,,0.05,1.0,227,17-47|27-37,1,1.5002820693935204,7.015197485,6.96257361
228,17,50,28,39,6.70325508,,,0.05,1.0,228,17-50|28-39,1,0.9266202952837677,6.672341445,6.64142781
229,17,53,29,41,6.34380796,,,0.05,1.0,229,17-53|29-41,1,0.7742170775703866,6.319345235,6.29488251
230,17,56,30,43,6.10499692,,,0.05,1.0,230,17-56|30-43,1,0.9743529593905131,6.0753990049999995,6.04580109
231,18,21,19,20,299.264509,,,0.05,1.0,231,18-21|19-20,1,0.049825199188740746,299.189973,299.115437
232,18,24,20,22,102.825993,,,0.05,1.0,232,18-24|20-22,1,0.012106621247118364,102.81976900000001,102.813545
233,18,27,21,24,45.1834717,,,0.05,1.0,233,18-27|21-24,1,0.1458017464903249,45.15055655,45.1176414
234,18,30,22,26,27.0253004,,,0.05,1.0,234,18-30|22-26,1,0.15277207989553446,27.0046726,26.9840448
235,18,33,23,28,17.3965109,,,0.05,1.0,235,18-33|23-28,1,0.6735181118103838,17.3381232,17.2797355
236,18,36,24,30,13.4347997,,,0.05,1.0,236,18-36|24-30,1,0.30705359787507275,13.414205299999999,13.3936109
237,18,39,25,32,8.84650944,,,0.05,1.0,237,18-39|25-32,1,1.2113458240718313,8.793251099999999,8.73999276
238,18,42,26,34,7.87753083,,,0.05,1.0,238,18-42|26-34,1,1.214015380888574,7.830002115,7.7824734
239,18,45,27,36,7.01962045,,,0.05,1.0,239,18-45|27-36,1,0.7385585181577351,6.9937938200000005,6.96796719
240,18,48,28,38,7.175969,,,0.05,1.0,240,18-48|28-38,1,0.9845908214207874,7.140815095000001,7.10566119
241,18,51,29,40,6.77341005,,,0.05,1.0,241,18-51|29-40,1,1.0228524906793905,6.7389453150000005,6.70448058
242,18,54,30,42,6.40355174,,,0.05,1.0,242,18-54|30-42,1,1.387770199286452,6.35942464,6.31529754
243,19,22,20,21,257.333907,,,0.05,1.0,243,19-22|20-21,1,0.06502119639490463,257.417595,257.501283
244,19,25,21,23,111.382526,,,0.05,1.0,244,19-25|21-23,1,0.027744668385120155,111.39797949999999,111.413433
245,19,28,22,25,43.1851915,,,0.05,1.0,245,19-28|22-25,1,0.07442860147216586,43.20126855,43.2173456
246,19,31,23,27,25.5659454,,,0.05,1.0,246,19-31|23-27,1,0.1415905186924301,25.584057700000002,25.60217
247,19,34,24,29,16.7405877,,,0.05,1.0,247,19-34|24-29,1,0.04207308296098605,16.7370668,16.7335459
248,19,37,25,31,11.1747454,,,0.05,1.0,248,19-37|25-31,1,0.06086554129673181,11.17134565,11.1679459
249,19,40,26,33,8.48693065,,,0.05,1.0,249,19-40|26-33,1,0.5080349765724193,8.465426985,8.44392332
250,19,43,27,35,7.3417107,,,0.05,1.0,250,19-43|27-35,1,0.3511745696022265,7.328842185,7.31597367
251,19,46,28,37,7.41999993,,,0.05,1.0,251,19-46|28-37,1,0.16570658827915732,7.4138573050000005,7.40771468
252,19,49,29,39,7.24892922,,,0.05,1.0,252,19-49|29-39,1,0.14068531113430974,7.243833715,7.23873821
253,19,52,30,41,6.78369353,,,0.05,1.0,253,19-52|30-41,1,0.24102135345004508,6.775528295,6.76736306
254,19,55,31,43,6.46872636,,,0.05,1.0,254,19-55|31-43,1,0.16273678604014322,6.473994145,6.47926193
255,20,23,21,22,296.390172,,,0.05,1.0,255,20-23|21-22,1,0.014598378111594205,296.3685395,296.346907
256,20,26,22,24,90.9470466,,,0.05,1.0,256,20-26|22-24,1,0.04584298528222718,90.9678978,90.988749
257,20,29,23,26,38.1847204,,,0.05,1.0,257,20-29|23-26,1,0.02972317954040607,38.1903961,38.1960718
258,20,32,24,28,25.6073958,,,0.05,1.0,258,20-32|24-28,1,0.028040362327217756,25.6038061,25.6002164
259,20,35,25,30,15.2556688,,,0.05,1.0,259,20-35|25-30,1,0.04241916399879959,15.25890515,15.2621415
260,20,38,26,32,10.0314073,,,0.05,1.0,260,20-38|26-32,1,0.3221194070401492,10.015276725,9.99914615
261,20,41,27,34,8.03467506,,,0.05,1.0,261,20-41|27-34,1,0.6586359774621292,8.008302279999999,7.9819295
262,20,44,28,36,7.33559036,,,0.05,1.0,262,20-44|28-36,1,0.10762209388851765,7.331645125,7.32769989
263,20,47,29,38,7.69216692,,,0.05,1.0,263,20-47|29-38,1,0.1967585365843912,7.684606860000001,7.6770468
264,20,50,30,40,7.27062795,,,0.05,1.0,264,20-50|30-40,1,0.3511848799400484,7.257883655,7.24513936
265,20,53,31,42,6.70179853,,,0.05,1.0,265,20-53|31-42,1,0.36600857666292613,6.689556355,6.67731418
266,20,56,32,44,6.17602152,,,0.05,1.0,266,20-56|32-44,1,0.4231332659564819,6.162982705,6.14994389
267,21,24,22,23,382.702445,,,0.05,1.0,267,21-24|22-23,1,0.00423105280814835,382.694349,382.686253
268,21,27,23,25,84.7931769,,,0.05,1.0,268,21-27|23-25,1,0.0724582273534072,84.82390785000001,84.8546388
269,21,30,24,27,43.182707,,,0.05,1.0,269,21-30|24-27,1,0.06263832845971064,43.1962357,43.2097644
270,21,33,25,29,20.6236316,,,0.05,1.0,270,21-33|25-29,1,0.1287308553887708,20.61036565,20.5970997
271,21,36,26,31,14.7375552,,,0.05,1.0,271,21-36|26-31,1,0.3741554405441227,14.710035999999999,14.6825168
272,21,39,27,33,9.09875913,,,0.05,1.0,272,21-39|27-33,1,0.38998202421349776,9.081051895,9.06334466
273,21,42,28,35,7.58148724,,,0.05,1.0,273,21-42|28-35,1,0.030143762446244875,7.582630085,7.58377293
274,21,45,29,37,7.93590681,,,0.05,1.0,274,21-45|29-37,1,0.0601081048303263,7.933522464999999,7.93113812
275,21,48,30,39,7.69374556,,,0.05,1.0,275,21-48|30-39,1,0.2718613833093946,7.683301595,7.67285763
276,21,51,31,41,7.03952063,,,0.05,1.0,276,21-51|31-41,1,0.283455240752519,7.029557805,7.01959498
277,21,54,32,43,6.53635915,,,0.05,1.0,277,21-54|32-43,1,0.4165769703437735,6.522772965,6.50918678
278,22,25,23,24,252.343208,,,0.05,1.0,278,22-25|23-24,1,0.07446446204385503,252.437196,252.531184
279,22,28,24,26,93.4660284,,,0.05,1.0,279,22-28|24-26,1,0.03181430694538427,93.48089855,93.4957687
280,22,31,25,28,41.1163345,,,0.05,1.0,280,22-31|25-28,1,0.01223724804605218,41.1138189,41.1113033
281,22,34,26,30,20.4695218,,,0.05,1.0,281,22-34|26-30,1,0.15952607766261415,20.4532077,20.4368936
282,22,37,27,32,13.4934437,,,0.05,1.0,282,22-37|27-32,1,0.07561862385352183,13.48834385,13.483244
283,22,40,28,34,8.71362236,,,0.05,1.0,283,22-40|28-34,1,0.1688982769531695,8.70626999,8.69891762
284,22,43,29,36,7.91979301,,,0.05,1.0,284,22-43|29-36,1,0.011278699109460302,7.92023966,7.92068631
285,22,46,30,38,8.33110383,,,0.05,1.0,285,22-46|30-38,1,0.16053522966423786,8.324422015,8.3177402
286,22,49,31,40,7.7256403,,,0.05,1.0,286,22-49|31-40,1,0.1747142044335268,7.718897295,7.71215429
287,22,52,32,42,6.92180214,,,0.05,1.0,287,22-52|32-42,1,0.25937773599681957,6.91283696,6.90387178
288,22,55,33,44,6.4092071,,,0.05,1.0,288,22-55|33-44,1,0.2078712412916172,6.41587548,6.42254386
289,23,26,24,25,384.482641,,,0.05,1.0,289,23-26|24-25,1,0.04986783824150927,384.5785315,384.674422
290,23,29,25,27,91.4737023,,,0.05,1.0,290,23-29|25-27,1,0.016117541330308034,91.48107455,91.4884468
291,23,32,26,29,40.146158,,,0.05,1.0,291,23-32|26-29,1,0.015905113923016814,40.1493509,40.1525438
292,23,35,27,31,22.4917946,,,0.05,1.0,292,23-35|27-31,1,0.1505060273694408,22.5087331,22.5256716
293,23,38,28,33,12.0954081,,,0.05,1.0,293,23-38|28-33,1,0.12600563802698272,12.08779245,12.0801768
294,23,41,29,35,9.07373403,,,0.05,1.0,294,23-41|29-35,1,0.08840863597447995,9.069724820000001,9.06571561
295,23,44,30,37,9.34269907,,,0.05,1.0,295,23-44|30-37,1,0.15385617455065556,9.335517435,9.3283358
296,23,47,31,39,8.51408596,,,0.05,1.0,296,23-47|31-39,1,0.12645765400374878,8.508706005,8.50332605
297,23,50,32,41,7.56535471,,,0.05,1.0,297,23-50|32-41,1,0.19523187429897712,7.55797692,7.55059913
298,23,53,33,43,6.92103073,,,0.05,1.0,298,23-53|33-43,1,0.13674287301991564,6.916301955,6.91157318
299,23,56,34,45,6.62765802,,,0.05,1.0,299,23-56|34-45,1,0.2215789035321132,6.6203234,6.61298878
300,24,27,25,26,271.023677,,,0.05,1.0,300,24-27|25-26,1,0.027733951584708722,271.06126500000005,271.098853
301,24,30,26,28,80.9650354,,,0.05,1.0,301,24-30|26-28,1,0.018420881913517255,80.95757885,80.9501223
302,24,33,27,30,35.0789709,,,0.05,1.0,302,24-33|27-30,1,0.09665899051764835,35.0620256,35.0450803
303,24,36,28,32,21.8544488,,,0.05,1.0,303,24-36|28-32,1,0.07485558177203659,21.8626315,21.8708142
304,24,39,29,34,11.1732921,,,0.05,1.0,304,24-39|29-34,1,0.06499211650299122,11.1696624,11.1660327
305,24,42,30,36,9.44050541,,,0.05,1.0,305,24-42|30-36,1,0.06915293431514861,9.437242345000001,9.43397928
306,24,45,31,38,9.36168389,,,0.05,1.0,306,24-45|31-38,1,0.3000109583017972,9.347661885,9.33363988
307,24,48,32,40,8.28747485,,,0.05,1.0,307,24-48|32-40,1,0.2915998362865278,8.27540931,8.26334377
308,24,51,33,42,7.33167839,,,0.05,1.0,308,24-51|33-42,1,0.15519109619442076,7.325993745,7.3203091
309,24,54,34,44,6.75859173,,,0.05,1.0,309,24-54|34-44,1,0.24626890244421257,6.75027981,6.74196789
310,25,28,26,27,257.254063,,,0.05,1.0,310,25-28|26-27,1,0.06608284773556937,257.3390915,257.42412
311,25,31,27,29,83.4271514,,,0.05,1.0,311,25-31|27-29,1,0.11723281205374071,83.37827805,83.3294047
312,25,34,28,31,34.27535,,,0.05,1.0,312,25-34|28-31,1,0.01603058865419484,34.27260295000001,34.2698559
313,25,37,29,33,20.0590633,,,0.05,1.0,313,25-37|29-33,1,0.07270778245417768,20.0517737,20.0444841
314,25,40,30,35,11.7017776,,,0.05,1.0,314,25-40|30-35,1,0.939878643655578,11.7570285,11.8122794
315,25,43,31,37,10.8113676,,,0.05,1.0,315,25-43|31-37,1,0.25524590798867236,10.797587400000001,10.7838072
316,25,46,32,39,9.31479006,,,0.05,1.0,316,25-46|32-39,1,0.3016500093427563,9.300762185,9.28673431
317,25,49,33,41,8.20003214,,,0.05,1.0,317,25-49|33-41,1,0.2615444594797103,8.18932278,8.17861342
318,25,52,34,43,7.47856575,,,0.05,1.0,318,25-52|34-43,1,0.3306385460729801,7.466222645,7.45387954
319,25,55,35,45,7.21794369,,,0.05,1.0,319,25-55|35-45,1,0.5028780859878171,7.199840480000001,7.18173727
320,26,29,27,28,207.457999,,,0.05,1.0,320,26-29|27-28,1,0.16752734419870188,207.28437,207.110741
321,26,32,28,30,76.19431,,,0.05,1.0,321,26-32|28-30,1,0.005810763771351526,76.1965238,76.1987376
322,26,35,29,32,37.5621789,,,0.05,1.0,322,26-35|29-32,1,0.09994183636900524,37.58095845,37.599738
323,26,38,30,34,18.022616,,,0.05,1.0,323,26-38|30-34,1,0.00025190603395373613,18.0225933,18.0225706
324,26,41,31,36,11.9857668,,,0.05,1.0,324,26-41|31-36,1,0.10185760025007067,11.9796657,11.9735646
325,26,44,32,38,10.9517498,,,0.05,1.0,325,26-44|32-38,1,0.3412995911266661,10.9330925,10.9144352
326,26,47,33,40,9.21020438,,,0.05,1.0,326,26-47|33-40,1,0.2982638109862783,9.19648948,9.18277458
327,26,50,34,42,8.18612684,,,0.05,1.0,327,26-50|34-42,1,0.3686475104035219,8.171065625,8.15600441
328,26,53,35,44,7.42940546,,,0.05,1.0,328,26-53|35-44,1,1.5570594240291284,7.372012155,7.31461885
329,26,56,36,46,7.08850807,,,0.05,1.0,329,26-56|36-46,1,1.0050476298335995,7.05306474,7.01762141
330,27,30,28,29,213.092542,,,0.05,1.0,330,27-30|28-29,1,0.05723479864685462,213.15354100000002,213.21454
331,27,33,29,31,66.8268024,,,0.05,1.0,331,27-33|29-31,1,0.0007404242220752858,66.82655500000001,66.8263076
332,27,36,30,33,41.3825975,,,0.05,1.0,332,27-36|30-33,1,0.012491669013985072,41.38518235,41.3877672
333,27,39,31,35,17.0569288,,,0.05,1.0,333,27-39|31-35,1,0.2640648426092838,17.07947925,17.1020297
334,27,42,32,37,13.2331337,,,0.05,1.0,334,27-42|32-37,1,0.2798766839025839,13.21464135,13.196149
335,27,45,33,39,10.585275,,,0.05,1.0,335,27-45|33-39,1,0.5503120531992162,10.5562289,10.5271828
336,27,48,34,41,9.21907969,,,0.05,1.0,336,27-48|34-41,1,0.3514980066336455,9.202905675,9.18673166
337,27,51,35,43,8.28560682,,,0.05,1.0,337,27-51|35-43,1,0.35799731757458664,8.270802195,8.25599757
338,27,54,36,45,7.56471563,,,0.05,1.0,338,27-54|36-45,1,0.43965434661472846,7.548122805,7.53152998
339,28,31,29,30,210.81992,,,0.05,1.0,339,28-31|29-30,1,0.01034715855298898,210.8308275,210.841735
340,28,34,30,32,72.6814178,,,0.05,1.0,340,28-34|30-32,1,0.0008538597199240854,72.6817281,72.6820384
341,28,37,31,34,37.5736719,,,0.05,1.0,341,28-37|31-34,1,0.008008853926282419,37.57216735,37.5706628
342,28,40,32,36,16.5745116,,,0.05,1.0,342,28-40|32-36,1,0.214464490371346,16.5923039,16.6100962
343,28,43,33,38,13.1501367,,,0.05,1.0,343,28-43|33-38,1,0.08873729133523404,13.14430475,13.1384728
344,28,46,34,40,10.9020292,,,0.05,1.0,344,28-46|34-40,1,0.19892212579356602,10.8911967,10.8803642
345,28,49,35,42,9.59684971,,,0.05,1.0,345,28-49|35-42,1,0.658976111681842,9.56533308,9.53381645
346,28,52,36,44,8.07807778,,,0.05,1.0,346,28-52|36-44,1,0.5590422715679194,8.055560785,8.03304379
347,28,55,37,46,7.1180007,,,0.05,1.0,347,28-55|37-46,1,0.30733001877479926,7.12895541,7.13991012
348,29,32,30,31,232.41579,,,0.05,1.0,348,29-32|30-31,1,0.03264510655187951,232.37786,232.33993
349,29,35,31,33,86.4031192,,,0.05,1.0,349,29-35|31-33,1,0.08036594847147363,86.4378525,86.4725858
350,29,38,32,35,29.1822829,,,0.05,1.0,350,29-38|32-35,1,0.9110574268711794,29.315824900000003,29.4493669
351,29,41,33,37,17.3303984,,,0.05,1.0,351,29-41|33-37,1,0.03143641638518623,17.3276748,17.3249512
352,29,44,34,39,13.5801573,,,0.05,1.0,352,29-44|34-39,1,0.1608239691431649,13.569246,13.5583347
353,29,47,35,41,11.2743168,,,0.05,1.0,353,29-47|35-41,1,0.5056766152171044,11.2458829,11.217449
354,29,50,36,43,9.4842438,,,0.05,1.0,354,29-50|36-43,1,0.4687997943975166,9.46206473,9.43988566
355,29,53,37,45,7.61120251,,,0.05,1.0,355,29-53|37-45,1,0.32381281404790435,7.598899405,7.5865963
356,29,56,38,47,6.69352439,,,0.05,1.0,356,29-56|38-47,1,0.27705170463279905,6.684264955,6.67500552
357,30,33,31,32,208.301188,,,0.05,1.0,357,30-33|31-32,1,0.0014104476833439188,208.302657,208.304126
358,30,36,32,34,90.0274217,,,0.05,1.0,358,30-36|32-34,1,0.03179447811588813,90.04173585000001,90.05605
359,30,39,33,36,25.175008,,,0.05,1.0,359,30-39|33-36,1,0.08082132251915365,25.1851855,25.195363
360,30,42,34,38,18.4312262,,,0.05,1.0,360,30-42|34-38,1,0.11810634374321778,18.4203484,18.4094706
361,30,45,35,40,14.5640975,,,0.05,1.0,361,30-45|35-40,1,2.44507997234303,14.388196050000001,14.2122946
362,30,48,36,42,11.3621899,,,0.05,1.0,362,30-48|36-42,1,0.48067977377046417,11.3349475,11.3077051
363,30,51,37,44,8.18722958,,,0.05,1.0,363,30-51|37-44,1,0.25471761627460765,8.176815685000001,8.16640179
364,30,54,38,46,7.14833149,,,0.05,1.0,364,30-54|38-46,1,0.342554045708092,7.136108975,7.12388646
365,31,34,32,33,225.187338,,,0.05,1.0,365,31-34|32-33,1,0.039151285674144554,225.2314285,225.275519
366,31,37,33,35,61.9675947,,,0.05,1.0,366,31-37|33-35,1,0.23469804114813703,62.040398499999995,62.1132023
367,31,40,34,37,27.8912945,,,0.05,1.0,367,31-40|34-37,1,0.0433310150954718,27.8973386,27.9033827
368,31,43,35,39,20.3116404,,,0.05,1.0,368,31-43|35-39,1,0.5113193331252813,20.25984415,20.2080479
369,31,46,36,41,14.5562295,,,0.05,1.0,369,31-46|36-41,1,0.39249036852449587,14.52771955,14.4992096
370,31,49,37,43,10.2333227,,,0.05,1.0,370,31-49|37-43,1,0.317767602190122,10.217089399999999,10.2008561
371,31,52,38,45,7.9687101,,,0.05,1.0,371,31-52|38-45,1,0.2212867419497947,7.959902995,7.95109589
372,31,55,39,47,7.13974519,,,0.05,1.0,372,31-55|39-47,1,0.2071211125666506,7.147146815,7.15454844
373,32,35,33,34,217.27005,,,0.05,1.0,373,32-35|33-34,1,0.09282795553806378,217.37094050000002,217.471831
374,32,38,34,36,52.4428306,,,0.05,1.0,374,32-38|34-36,1,0.043380504340685515,52.454208050000005,52.4655855
375,32,41,35,38,33.4801769,,,0.05,1.0,375,32-41|35-38,1,0.31267698343696304,33.4279162,33.3756555
376,32,44,36,40,22.0023618,,,0.05,1.0,376,32-44|36-40,1,0.36127361107159495,21.9626891,21.9230164
377,32,47,37,42,12.9804131,,,0.05,1.0,377,32-47|37-42,1,0.3014603066429012,12.96087715,12.9413412
378,32,50,38,44,8.8909084,,,0.05,1.0,378,32-50|38-44,1,0.32694365476509324,8.876397990000001,8.86188758
379,32,53,39,46,7.77111207,,,0.05,1.0,379,32-53|39-46,1,0.08389833797998733,7.76785352,7.76459497
380,32,56,40,48,7.31879881,,,0.05,1.0,380,32-56|40-48,1,0.00894191459440331,7.319126045,7.31945328
381,33,36,34,35,179.178637,,,0.05,1.0,381,33-36|34-35,1,0.08455523647989623,179.2544215,179.330206
382,33,39,35,37,64.3382466,,,0.05,1.0,382,33-39|35-37,1,0.09506376228708702,64.30767995,64.2771133
383,33,42,36,39,34.2020727,,,0.05,1.0,383,33-42|36-39,1,0.22065584193534052,34.16437985,34.126687
384,33,45,37,41,17.50088,,,0.05,1.0,384,33-45|37-41,1,0.7508835397924136,17.43542015,17.3699603
385,33,48,38,43,11.2164791,,,0.05,1.0,385,33-48|38-43,1,0.18755805638518078,11.20597025,11.1954614
386,33,51,39,45,8.78008492,,,0.05,1.0,386,33-51|39-45,1,0.14937894997811518,8.773532015,8.76697911
387,33,54,40,47,7.78803902,,,0.05,1.0,387,33-54|40-47,1,0.014156041402330103,7.78748782,7.78693662
388,34,37,35,36,213.519641,,,0.05,1.0,388,34-37|35-36,1,0.01954015831341044,213.498782,213.477923
389,34,40,36,38,67.1723164,,,0.05,1.0,389,34-40|36-38,1,0.10162068196248056,67.13820325,67.1040901
390,34,43,37,40,28.1885774,,,0.05,1.0,390,34-43|37-40,1,0.10064207312882041,28.17439975,28.1602221
391,34,46,38,42,14.5641737,,,0.05,1.0,391,34-46|38-42,1,0.09148677068816902,14.557514600000001,14.5508555
392,34,49,39,44,10.0471826,,,0.05,1.0,392,34-49|39-44,1,0.05729614883959314,10.044305099999999,10.0414276
393,34,52,40,46,8.84954632,,,0.05,1.0,393,34-52|40-46,1,0.038662787542592954,8.84783591,8.8461255
394,34,55,41,48,8.3463782,,,0.05,1.0,394,34-55|41-48,1,0.03239222736907543,8.34502663,8.34367506
395,35,38,36,37,221.024397,,,0.05,1.0,395,35-38|36-37,1,0.1051468161955175,220.908258,220.792119
396,35,41,37,39,48.0820899,,,0.05,1.0,396,35-41|37-39,1,0.38828084580516503,47.988924,47.8957581
397,35,44,38,41,21.8222025,,,0.05,1.0,397,35-44|38-41,1,0.8747215788120477,21.72717635,21.6321502
398,35,47,39,43,13.1220382,,,0.05,1.0,398,35-47|39-43,1,0.4324712824843395,13.0937249,13.0654116
399,35,50,40,45,10.5433469,,,0.05,1.0,399,35-50|40-45,1,0.38274776006443917,10.5635628,10.5837787
400,35,53,41,47,9.06378523,,,0.05,1.0,400,35-53|41-47,1,0.03945454611133507,9.061997545,9.06020986
401,35,56,42,49,8.35903055,,,0.05,1.0,401,35-56|42-49,1,0.08766759207073255,8.355368075000001,8.3517056
402,36,39,37,38,115.566325,,,0.05,1.0,402,36-39|37-38,1,0.0071779540498913995,115.5621775,115.55803
403,36,42,38,40,36.1875442,,,0.05,1.0,403,36-42|38-40,1,0.1446767015688079,36.16138565,36.1352271
404,36,45,39,42,17.8944988,,,0.05,1.0,404,36-45|39-42,1,0.2909342280770527,17.868506,17.8425132
405,36,48,40,44,12.3517314,,,0.05,1.0,405,36-48|40-44,1,0.09161858576803979,12.34607575,12.3404201
406,36,51,41,46,10.7718044,,,0.05,1.0,406,36-51|41-46,1,0.011254676831571962,10.7724106,10.7730168
407,36,54,42,48,9.70933003,,,0.05,1.0,407,36-54|42-48,1,0.04929752616855102,9.70693739,9.70454475
408,37,40,38,39,122.384683,,,0.05,1.0,408,37-40|38-39,1,0.09009159331043817,122.439837,122.494991
409,37,43,39,41,29.8399261,,,0.05,1.0,409,37-43|39-41,1,0.018411592917545808,29.83717935,29.8344326
410,37,46,40,43,18.4361101,,,0.05,1.0,410,37-46|40-43,1,0.05838292926206238,18.430729900000003,18.4253497
411,37,49,41,45,14.797666,,,0.05,1.0,411,37-49|41-45,1,0.021100425894872668,14.799227349999999,14.8007887
412,37,52,42,47,11.9688639,,,0.05,1.0,412,37-52|42-47,1,0.001675165849670022,11.968964150000001,11.9690644
413,37,55,43,49,10.7638008,,,0.05,1.0,413,37-55|43-49,1,0.48573242603354666,10.7377225,10.7116442
414,38,41,39,40,58.2849158,,,0.05,1.0,414,38-41|39-40,1,0.0208755038759125,58.2788328,58.2727498
415,38,44,40,42,28.6964082,,,0.05,1.0,415,38-44|40-42,1,0.017383477085886317,28.693914200000002,28.6914202
416,38,47,41,44,17.4997489,,,0.05,1.0,416,38-47|41-44,1,0.03816926192567387,17.5030893,17.5064297
417,38,50,42,46,14.8658715,,,0.05,1.0,417,38-50|42-46,1,0.019780267513719446,14.8673419,14.8688123
418,38,53,43,48,12.6954048,,,0.05,1.0,418,38-53|43-48,1,0.006549828414387786,12.69498905,12.6945733
419,38,56,44,50,11.6183858,,,0.05,1.0,419,38-56|44-50,1,0.07642104099131265,11.613948050000001,11.6095103
420,39,42,40,41,45.4416276,,,0.05,1.0,420,39-42|40-41,1,0.03602852630818423,45.4334431,45.4252586
421,39,45,41,43,27.1534299,,,0.05,1.0,421,39-45|41-43,1,0.21564851936583332,27.12418345,27.094937
422,39,48,42,45,19.1512222,,,0.05,1.0,422,39-48|42-45,1,0.02926089878524912,19.1484207,19.1456192
423,39,51,43,47,14.7718134,,,0.05,1.0,423,39-51|43-47,1,0.06325184228841035,14.776486599999998,14.7811598
424,39,54,44,49,13.325275,,,0.05,1.0,424,39-54|44-49,1,0.021637916745198438,13.3238335,13.322392
425,40,43,41,42,52.1857022,,,0.05,1.0,425,40-43|41-42,1,0.008765045327315975,52.183415249999996,52.1811283
426,40,46,42,44,24.1916582,,,0.05,1.0,426,40-46|42-44,1,0.001735707211188214,24.191868149999998,24.1920781
427,40,49,43,46,19.7148529,,,0.05,1.0,427,40-49|43-46,1,0.002390611970927062,19.71461725,19.7143816
428,40,52,44,48,17.2718824,,,0.05,1.0,428,40-52|44-48,1,0.010108847459402685,17.27100945,17.2701365
429,40,55,45,50,13.9870847,,,0.05,1.0,429,40-55|45-50,1,0.49942236003752377,14.022099449999999,14.0571142
430,41,44,42,43,56.5118809,,,0.05,1.0,430,41-44|42-43,1,0.021022749360482294,56.5178217,56.5237625
431,41,47,43,45,27.731747,,,0.05,1.0,431,41-47|43-45,1,0.22651968852867505,27.7003736,27.6690002
432,41,50,44,47,21.7069776,,,0.05,1.0,432,41-50|44-47,1,0.02298996376839939,21.709473099999997,21.7119686
433,41,53,45,49,16.1962977,,,0.05,1.0,433,41-53|45-49,1,0.21829844941084744,16.21399515,16.2316926
434,41,56,46,51,15.0067367,,,0.05,1.0,434,41-56|46-51,1,0.0671279700913466,15.01177525,15.0168138
435,42,45,43,44,41.1567554,,,0.05,1.0,435,42-45|43-44,1,0.45124787262653204,41.06410495,40.9714545
436,42,48,44,46,32.813797,,,0.05,1.0,436,42-48|44-46,1,0.291792209061602,32.861741,32.909685
437,42,51,45,48,21.0625763,,,0.05,1.0,437,42-51|45-48,1,0.27180431629202656,21.09123975,21.1199032
438,42,54,46,50,17.398174,,,0.05,1.0,438,42-54|46-50,1,0.00859536022685291,17.39892175,17.3996695
439,43,46,44,45,62.7370204,,,0.05,1.0,439,43-46|44-45,1,0.36258983674099554,62.6234872,62.509954
440,43,49,45,47,29.3581808,,,0.05,1.0,440,43-49|45-47,1,0.4047126796350783,29.4177094,29.477238
441,43,52,46,49,21.5679334,,,0.05,1.0,441,43-52|46-49,1,0.01924616206207287,21.5658581,21.5637828
442,43,55,47,51,20.0771606,,,0.05,1.0,442,43-55|47-51,1,0.0767413584056884,20.0848673,20.092574
443,44,47,45,46,53.462207,,,0.05,1.0,443,44-47|45-46,1,0.8474930393233067,53.6897153,53.9172236
444,44,50,46,48,29.9251913,,,0.05,1.0,444,44-50|46-48,1,0.025332035374970228,29.92140145,29.9176116
445,44,53,47,50,23.3249219,,,0.05,1.0,445,44-53|47-50,1,0.020370983473400356,23.327297899999998,23.3296739
446,44,56,48,52,18.7244696,,,0.05,1.0,446,44-56|48-52,1,0.020364858200761473,18.7263764,18.7282832
447,45,48,46,47,59.1883574,,,0.05,1.0,447,45-48|46-47,1,0.22196448505289176,59.25411895,59.3198805
448,45,51,47,49,30.8580543,,,0.05,1.0,448,45-51|47-49,1,0.06823441843585076,30.868585799999998,30.8791173
449,45,54,48,51,27.6909532,,,0.05,1.0,449,45-54|48-51,1,0.04063317535498836,27.6965802,27.7022072
450,46,49,47,48,69.7486463,,,0.05,1.0,450,46-49|47-48,1,0.14970767935689822,69.80089495,69.8531436
451,46,52,48,50,39.2498159,,,0.05,1.0,451,46-52|48-50,1,0.12042691944455278,39.22619645,39.202577
452,46,55,49,52,27.6310836,,,0.05,1.0,452,46-55|49-52,1,0.08176212268173386,27.6423841,27.6536846
453,47,50,48,49,66.4376792,,,0.05,1.0,453,47-50|48-49,1,0.032864801604085295,66.4485983,66.4595174
454,47,53,49,51,48.2588311,,,0.05,1.0,454,47-53|49-51,1,0.08510362888428365,48.279374849999996,48.2999186
455,47,56,50,53,27.3499263,,,0.05,1.0,455,47-56|50-53,1,0.04645112574964297,27.35627995,27.3626336
456,48,51,49,50,87.9049856,,,0.05,1.0,456,48-51|49-50,1,0.03772202949267439,87.9215685,87.9381514
457,48,54,50,52,45.0837725,,,0.05,1.0,457,48-54|50-52,1,0.020556947200547387,45.0884069,45.0930413
458,49,52,50,51,133.411323,,,0.05,1.0,458,49-52|50-51,1,0.020052782221223635,133.39794799999999,133.384573
459,49,55,51,53,44.0627221,,,0.05,1.0,459,49-55|51-53,1,0.1147858163890716,44.0880255,44.1133289
460,50,53,51,52,110.253811,,,0.05,1.0,460,50-53|51-52,1,0.041491072066765416,110.230943,110.208075
461,50,56,52,54,50.715265,,,0.05,1.0,461,50-56|52-54,1,0.00419332406187097,50.71632835,50.7173917
462,51,54,52,53,158.907243,,,0.05,1.0,462,51-54|52-53,1,0.01956044238993907,158.922786,158.938329
463,52,55,53,54,146.555843,,,0.05,1.0,463,52-55|53-54,1,0.010709801895599601,146.5479955,146.540148
464,53,56,54,55,122.7535,,,0.05,1.0,464,53-56|54-55,1,0.1099469790264437,122.821019,122.888538
465,4,3,5,2,434.418318,,,0.05,1.0,480,2-5|3-4,1,0.08221171425503561,434.23982,434.061322
466,6,4,8,2,189.16254,,,0.05,1.0,481,2-8|4-6,1,0.0027188627915234057,189.1599685,189.157397
467,8,5,11,2,110.180544,,,0.05,1.0,482,2-11|5-8,1,1.4299260319983065,109.398386,108.616228
468,10,6,14,2,67.5970483,,,0.05,1.0,483,2-14|6-10,1,0.16145414004906267,67.5425232,67.4879981
469,12,7,17,2,54.5779152,,,0.05,1.0,484,2-17|7-12,1,0.1836452506285744,54.5278463,54.4777774
470,14,8,20,2,35.0534347,,,0.05,1.0,485,2-20|8-14,1,0.5357773776011067,34.9597814,34.8661281
471,16,9,23,2,24.8331692,,,0.05,1.0,486,2-23|9-16,1,0.15449181041796795,24.814001400000002,24.7948336
472,18,10,26,2,20.2711555,,,0.05,1.0,487,2-26|10-18,1,0.7162005831845136,20.34400745,20.4168594
473,20,11,29,2,16.1700482,,,0.05,1.0,488,2-29|11-20,1,0.4567834903293553,16.1332013,16.0963544
474,22,12,32,2,12.2960863,,,0.05,1.0,489,2-32|12-22,1,0.17504530412089736,12.28533385,12.2745814
475,24,13,35,2,11.2310163,,,0.05,1.0,490,2-35|13-24,1,2.3134211607867465,11.10259145,10.9741666
476,26,14,38,2,9.88344369,,,0.05,1.0,491,2-38|14-26,1,0.0160763571686781,9.882649305000001,9.88185492
477,28,15,41,2,9.14783018,,,0.05,1.0,492,2-41|15-28,1,0.03112909458536936,9.14925422,9.15067826
478,30,16,44,2,8.13214298,,,0.05,1.0,493,2-44|16-30,1,0.41136420151734754,8.11545095,8.09875892
479,32,17,47,2,7.39002183,,,0.05,1.0,494,2-47|17-32,1,1.9187286908703056,7.319798295,7.24957476
480,5,4,6,3,420.630484,,,0.05,1.0,495,3-6|4-5,1,0.07808010680741048,420.79476250000005,420.959041
481,7,5,9,3,160.829241,,,0.05,1.0,496,3-9|5-7,1,0.12777041912744852,160.7265605,160.62388
482,9,6,12,3,97.4146936,,,0.05,1.0,497,3-12|6-9,1,0.14732946427081686,97.34298615,97.2712787
483,11,7,15,3,73.794393,,,0.05,1.0,498,3-15|7-11,1,0.030535436231442056,73.783128,73.771863
484,13,8,18,3,48.7367392,,,0.05,1.0,499,3-18|8-13,1,0.39911850820237743,48.83419235,48.9316455
485,15,9,21,3,31.2316971,,,0.05,1.0,500,3-21|9-15,1,0.027751924977255676,31.2360314,31.2403657
486,17,10,24,3,24.9921516,,,0.05,1.0,501,3-24|10-17,1,0.05086569782024466,24.985796999999998,24.9794424
487,19,11,27,3,18.7985994,,,0.05,1.0,502,3-27|11-19,1,0.4289144631395173,18.839001,18.8794026
488,21,12,30,3,14.0568794,,,0.05,1.0,503,3-30|12-21,1,0.04669789622556932,14.0601623,14.0634452
489,23,13,33,3,12.5631724,,,0.05,1.0,504,3-33|13-23,1,0.2650184350290572,12.57984185,12.5965113
490,25,14,36,3,11.5014332,,,0.05,1.0,505,3-36|14-25,1,0.20821268788314873,11.5134194,11.5254056
491,27,15,39,3,10.1322996,,,0.05,1.0,506,3-39|15-27,1,0.0913180925999941,10.127675400000001,10.1230512
492,29,16,42,3,8.8493922,,,0.05,1.0,507,3-42|16-29,1,0.2615366603224181,8.860979555,8.87256691
493,31,17,45,3,7.77312077,,,0.05,1.0,508,3-45|17-31,1,0.8129936201281588,7.804847225,7.83657368
494,33,18,48,3,7.06870285,,,0.05,1.0,509,3-48|18-33,1,1.2583792750139782,7.02450539,6.98030793
495,6,5,7,4,396.331877,,,0.05,1.0,510,4-7|5-6,1,0.01045962595544988,396.3526055,396.373334
496,8,6,10,4,165.231909,,,0.05,1.0,511,4-10|6-8,1,0.09374131495054988,165.15449999999998,165.077091
497,10,7,13,4,94.7880709,,,0.05,1.0,512,4-13|7-10,1,0.09058911628900775,94.74515650000001,94.7022421
498,12,8,16,4,72.1406466,,,0.05,1.0,513,4-16|8-12,1,0.13509599429593408,72.1894091,72.2381716
499,14,9,19,4,41.5518355,,,0.05,1.0,514,4-19|9-14,1,0.1724944960443989,41.58770375,41.623572
500,16,10,22,4,30.8318101,,,0.05,1.0,515,4-22|10-16,1,0.10461506936188383,30.8479459,30.8640817
501,18,11,25,4,22.687298,,,0.05,1.0,516,4-25|11-18,1,0.16009950862121536,22.669151399999997,22.6510048
502,20,12,28,4,16.3298454,,,0.05,1.0,517,4-28|12-20,1,0.11844532466466669,16.3395221,16.3491988
503,22,13,31,4,14.3297758,,,0.05,1.0,518,4-31|13-22,1,0.5315839897630003,14.3679647,14.4061536
504,24,14,34,4,12.821234,,,0.05,1.0,519,4-34|14-24,1,0.13440602866311355,12.82985605,12.8384781
505,26,15,37,4,11.4911866,,,0.05,1.0,520,4-37|15-26,1,0.13381456510749745,11.4835033,11.47582
506,28,16,40,4,9.86477692,,,0.05,1.0,521,4-40|16-28,1,0.28033854511483597,9.878623715,9.89247051
507,30,17,43,4,8.55364439,,,0.05,1.0,522,4-43|17-30,1,0.25030769889059434,8.56436302,8.57508165
508,32,18,46,4,7.60519772,,,0.05,1.0,523,4-46|18-32,1,0.12335064748157157,7.609891145,7.61458457
509,34,19,49,4,6.65750134,,,0.05,1.0,524,4-49|19-34,1,0.09412389496955162,6.660635965,6.66377059
510,7,6,8,5,334.088461,,,0.05,1.0,525,5-8|6-7,1,0.03597718318385132,334.028374,333.968287
511,9,7,11,5,171.239021,,,0.05,1.0,526,5-11|7-9,1,0.14007079989637924,171.119177,170.999333
512,11,8,14,5,92.1565314,,,0.05,1.0,527,5-14|8-11,1,0.022039524747830153,92.16668795000001,92.1768445
513,13,9,17,5,59.141956,,,0.05,1.0,528,5-17|9-13,1,0.07036652078952522,59.12115525,59.1003545
514,15,10,20,5,38.3041486,,,0.05,1.0,529,5-20|10-15,1,0.04210302239934999,38.3122139,38.3202792
515,17,11,23,5,27.575138,,,0.05,1.0,530,5-23|11-17,1,0.023154410781096098,27.5783308,27.5815236
516,19,12,26,5,19.111374,,,0.05,1.0,531,5-26|12-19,1,0.009641320507187825,19.11045275,19.1095315
517,21,13,29,5,16.2238115,,,0.05,1.0,532,5-29|13-21,1,0.16954931301833867,16.23757685,16.2513422
518,23,14,32,5,14.6244138,,,0.05,1.0,533,5-32|14-23,1,0.024467047090306546,14.6262031,14.6279924
519,25,15,35,5,13.2336963,,,0.05,1.0,534,5-35|15-25,1,0.321148630346695,13.212480450000001,13.1912646
520,27,16,38,5,10.9873863,,,0.05,1.0,535,5-38|16-27,1,0.05010127533049526,10.9901394,10.9928925
521,29,17,41,5,9.31587457,,,0.05,1.0,536,5-41|17-29,1,0.3366032416181166,9.331579770000001,9.34728497
522,31,18,44,5,8.18152871,,,0.05,1.0,537,5-44|18-31,1,0.19898026181284922,8.189676630000001,8.19782455
523,33,19,47,5,7.1577428,,,0.05,1.0,538,5-47|19-33,1,0.16400499583091716,7.163617145,7.16949149
524,35,20,50,5,6.39877048,,,0.05,1.0,539,5-50|20-35,1,0.03488952267699877,6.399886925,6.40100337
525,8,7,9,6,340.181631,,,0.05,1.0,540,6-9|7-8,1,0.05633695404084639,340.085834,339.990037
526,10,8,12,6,129.64839,,,0.05,1.0,541,6-12|8-10,1,0.023022604097197794,129.6334675,129.618545
527,12,9,15,6,91.2819793,,,0.05,1.0,542,6-15|9-12,1,0.06213129489369715,91.31034545,91.3387116
528,14,10,18,6,53.4439031,,,0.05,1.0,543,6-18|10-14,1,0.14292153146960646,53.40573895,53.3675748
529,16,11,21,6,33.8982083,,,0.05,1.0,544,6-21|11-16,1,0.14286442901600224,33.92243985,33.9466714
530,18,12,24,6,23.0174909,,,0.05,1.0,545,6-24|12-18,1,0.2574789748921956,22.987896399999997,22.9583019
531,20,13,27,6,18.7125406,,,0.05,1.0,546,6-27|13-20,1,0.377293830269735,18.74790795,18.7832753
532,22,14,30,6,16.3967568,,,0.05,1.0,547,6-30|14-22,1,0.037158371483559764,16.399803749999997,16.4028507
533,24,15,33,6,14.4585648,,,0.05,1.0,548,6-33|15-24,1,0.11075806550980695,14.46657625,14.4745877
534,26,16,36,6,12.4587294,,,0.05,1.0,549,6-36|16-26,1,0.1265230603320514,12.4508528,12.4429762
535,28,17,39,6,10.2410784,,,0.05,1.0,550,6-39|17-28,1,0.32796382924204853,10.2578995,10.2747206
536,30,18,42,6,8.7941206,,,0.05,1.0,551,6-42|18-30,1,0.08777467577848892,8.797981799999999,8.801843
537,32,19,45,6,7.64962838,,,0.05,1.0,552,6-45|19-32,1,0.0807215844591933,7.646542175,7.64345597
538,34,20,48,6,6.83096136,,,0.05,1.0,553,6-48|20-34,1,0.1591129797176722,6.83640016,6.84183896
539,36,21,51,6,6.28594666,,,0.05,1.0,554,6-51|21-36,1,0.3155907134424159,6.276043355,6.26614005
540,9,8,10,7,369.313816,,,0.05,1.0,555,7-10|8-9,1,0.021551204449788447,369.2740245,369.234233
541,11,9,13,7,120.305978,,,0.05,1.0,556,7-13|9-11,1,0.20977512456553304,120.4322965,120.558615
542,13,10,16,7,79.9928892,,,0.05,1.0,557,7-16|10-13,1,0.048813123393865995,79.97337045,79.9538517
543,15,11,19,7,42.0031262,,,0.05,1.0,558,7-19|11-15,1,0.10448308299800346,42.02508075,42.0470353
544,17,12,22,7,27.7296323,,,0.05,1.0,559,7-22|12-17,1,0.5432983812091864,27.65450905,27.5793858
545,19,13,25,7,21.956184,,,0.05,1.0,560,7-25|13-19,1,0.38062012637165593,21.9980485,22.039913
546,21,14,28,7,18.2531027,,,0.05,1.0,561,7-28|14-21,1,0.1486958475593336,18.2666836,18.2802645
547,23,15,31,7,16.5386236,,,0.05,1.0,562,7-31|15-23,1,0.2811584574727265,16.561906200000003,16.5851888
548,25,16,34,7,13.7928387,,,0.05,1.0,563,7-34|16-25,1,0.18891010058500854,13.805879050000001,13.8189194
549,27,17,37,7,11.4484791,,,0.05,1.0,564,7-37|17-27,1,0.3074008787755054,11.46610255,11.483726
550,29,18,40,7,9.45159919,,,0.05,1.0,565,7-40|18-29,1,0.5240860960709105,9.47643152,9.50126385
551,31,19,43,7,8.09418542,,,0.05,1.0,566,7-43|19-31,1,0.2126502991190767,8.102800735,8.11141605
552,33,20,46,7,7.23272574,,,0.05,1.0,567,7-46|20-33,1,0.4319889689806953,7.248381845,7.26403795
553,35,21,49,7,6.58411027,,,0.05,1.0,568,7-49|21-35,1,0.09402179138298358,6.587206975,6.59030368
554,37,22,52,7,6.25317,,,0.05,1.0,569,7-52|22-37,1,0.18749463735454464,6.2590376800000005,6.26490536
555,10,9,11,8,256.090733,,,0.05,1.0,570,8-11|9-10,1,0.06134707523026545,256.012205,255.933677
556,12,10,14,8,147.021488,,,0.05,1.0,571,8-14|10-12,1,0.020044720340323934,147.0362245,147.050961
557,14,11,17,8,66.3833803,,,0.05,1.0,572,8-17|11-14,1,0.13497298037326,66.3386107,66.2938411
558,16,12,20,8,34.6203415,,,0.05,1.0,573,8-20|12-16,1,0.01679882754737128,34.623249650000005,34.6261578
559,18,13,23,8,28.1831579,,,0.05,1.0,574,8-23|13-18,1,0.5331320940586171,28.108230900000002,28.0333039
560,20,14,26,8,22.3515889,,,0.05,1.0,575,8-26|14-20,1,0.045239229983149,22.3465342,22.3414795
561,22,15,29,8,18.899867,,,0.05,1.0,576,8-29|15-22,1,0.09548046467857191,18.908894150000002,18.9179213
562,24,16,32,8,15.6348222,,,0.05,1.0,577,8-32|16-24,1,0.07678302457019104,15.640826950000001,15.6468317
563,26,17,35,8,13.0863043,,,0.05,1.0,578,8-35|17-26,1,0.3349110973949024,13.108254800000001,13.1302053
564,28,18,38,8,10.7130217,,,0.05,1.0,579,8-38|18-28,1,0.20546948722892133,10.702027000000001,10.6910323
565,30,19,41,8,8.77879579,,,0.05,1.0,580,8-41|19-30,1,0.1758573027861813,8.78652166,8.79424753
566,32,20,44,8,7.81896539,,,0.05,1.0,581,8-44|20-32,1,0.22704645423397915,7.827851819999999,7.83673825
567,34,21,47,8,7.05893814,,,0.05,1.0,582,8-47|21-34,1,0.0468222837271893,7.060591105,7.06224407
568,36,22,50,8,6.4064574,,,0.05,1.0,583,8-50|22-36,1,0.012927214133460945,6.406871515,6.40728563
569,38,23,53,8,6.10999281,,,0.05,1.0,584,8-53|23-38,1,0.00407324650425353,6.109868375,6.10974394
570,11,10,12,9,340.107768,,,0.05,1.0,585,9-12|10-11,1,0.0015845103234064233,340.1050735,340.102379
571,13,11,15,9,130.394851,,,0.05,1.0,586,9-15|11-13,1,0.11425362443652283,130.469384,130.543917
572,15,12,18,9,50.2114311,,,0.05,1.0,587,9-18|12-15,1,0.1579554444008722,50.17180655,50.132182
573,17,13,21,9,40.0363991,,,0.05,1.0,588,9-21|13-17,1,0.19002862537366272,39.998394899999994,39.9603907
574,19,14,24,9,30.4667609,,,0.05,1.0,589,9-24|14-19,1,0.09437932906249842,30.48114485,30.4955288
575,21,15,27,9,23.6664329,,,0.05,1.0,590,9-27|15-21,1,0.5746023496413024,23.73462275,23.8028126
576,23,16,30,9,19.2793021,,,0.05,1.0,591,9-30|16-23,1,0.1454481711376655,19.293332999999997,19.3073639
577,25,17,33,9,15.2055527,,,0.05,1.0,592,9-33|17-25,1,0.4335546476046202,15.2385865,15.2716203
578,27,18,36,9,12.4896937,,,0.05,1.0,593,9-36|18-27,1,1.3952406016728522,12.57743645,12.6651792
579,29,19,39,9,9.74650064,,,0.05,1.0,594,9-39|19-29,1,0.3244809431356023,9.762339105,9.77817757
580,31,20,42,9,8.44885968,,,0.05,1.0,595,9-42|20-31,1,0.2739131926840622,8.46044682,8.47203396
581,33,21,45,9,7.64099063,,,0.05,1.0,596,9-45|21-33,1,0.5578928004328357,7.662364520000001,7.68373841
582,35,22,48,9,6.79984669,,,0.05,1.0,597,9-48|22-35,1,0.2877711043484417,6.809644785,6.81944288
583,37,23,51,9,6.34978374,,,0.05,1.0,598,9-51|23-37,1,0.030905410097037456,6.350765105000001,6.35174647
584,39,24,54,9,6.04724312,,,0.05,1.0,599,9-54|24-39,1,0.4175401166419445,6.059894365,6.07254561
585,12,11,13,10,373.845506,,,0.05,1.0,600,10-13|11-12,1,0.10865278409515094,373.6425195,373.439533
586,14,12,16,10,82.1404284,,,0.05,1.0,601,10-16|12-14,1,0.025854558383638388,82.12981125,82.1191941
587,16,13,19,10,51.3303964,,,0.05,1.0,602,10-19|13-16,1,0.02583223208708669,51.33702715,51.3436579
588,18,14,22,10,39.698009,,,0.05,1.0,603,10-22|14-18,1,0.13661269250526412,39.67091125,39.6438135
589,20,15,25,10,29.8768871,,,0.05,1.0,604,10-25|15-20,1,0.09711187459674467,29.89140115,29.9059152
590,22,16,28,10,22.251254,,,0.05,1.0,605,10-28|16-22,1,0.3838447190457221,22.29404125,22.3368285
591,24,17,31,10,17.6728883,,,0.05,1.0,606,10-31|17-24,1,0.6472878975272208,17.73027125,17.7876542
592,26,18,34,10,14.106823,,,0.05,1.0,607,10-34|18-26,1,0.8534342788182288,14.167277200000001,14.2277314
593,28,19,37,10,11.2301285,,,0.05,1.0,608,10-37|19-28,1,0.005112900719371929,11.2304156,11.2307027
594,30,20,40,10,9.20350461,,,0.05,1.0,609,10-40|20-30,1,0.3287250109502796,9.218656625,9.23380864
595,32,21,43,10,8.26080533,,,0.05,1.0,610,10-43|21-32,1,0.3259383031501245,8.27428987,8.28777441
596,34,22,46,10,7.29645876,,,0.05,1.0,611,10-46|22-34,1,0.1967102094916194,7.303642265000001,7.31082577
597,36,23,49,10,6.49349464,,,0.05,1.0,612,10-49|23-36,1,0.06327224431717085,6.4955495800000005,6.49760452
598,38,24,52,10,6.40819277,,,0.05,1.0,613,10-52|24-38,1,0.2387008693391119,6.415850115,6.42350746
599,40,25,55,10,5.94464193,,,0.05,1.0,614,10-55|25-40,1,0.01046803886554691,5.94495309,5.94526425
600,13,12,14,11,210.395941,,,0.05,1.0,615,11-14|12-13,1,0.05744107956386015,210.3355315,210.275122
601,15,13,17,11,84.2495436,,,0.05,1.0,616,11-17|13-15,1,0.049528494953938414,84.228685,84.2078264
602,17,14,20,11,60.9271095,,,0.05,1.0,617,11-20|14-17,1,0.07282234393318196,60.904933299999996,60.8827571
603,19,15,23,11,43.6444638,,,0.05,1.0,618,11-23|15-19,1,0.1333639049774305,43.6735862,43.7027086
604,21,16,26,11,29.2638715,,,0.05,1.0,619,11-26|16-21,1,0.04409547937973481,29.2574209,29.2509703
605,23,17,29,11,22.1170114,,,0.05,1.0,620,11-29|17-23,1,0.18137391009061535,22.13708685,22.1571623
606,25,18,32,11,17.4182188,,,0.05,1.0,621,11-32|18-25,1,0.042299721037910624,17.414535649999998,17.4108525
607,27,19,35,11,13.4410476,,,0.05,1.0,622,11-35|19-27,1,0.3989163738462569,13.46791045,13.4947733
608,29,20,38,11,10.5257358,,,0.05,1.0,623,11-38|20-29,1,0.33467733795152066,10.543378950000001,10.5610221
609,31,21,41,11,9.09716626,,,0.05,1.0,624,11-41|21-31,1,0.19232471567436185,9.10592273,9.1146792
610,33,22,44,11,8.04211996,,,0.05,1.0,625,11-44|22-33,1,0.3584019650358178,8.05655739,8.07099482
611,35,23,47,11,6.90153369,,,0.05,1.0,626,11-47|23-35,1,1.1560037420721774,6.9416565949999995,6.9817795
612,37,24,50,11,6.76778466,,,0.05,1.0,627,11-50|24-37,1,0.28044816539854434,6.77728805,6.78679144
613,39,25,53,11,6.11742715,,,0.05,1.0,628,11-53|25-39,1,0.5221585029891957,6.13344029,6.14945343
614,41,26,56,11,5.84811296,,,0.05,1.0,629,11-56|26-41,1,0.5124488210190742,5.863135745,5.87815853
615,14,13,15,12,297.354095,,,0.05,1.0,630,12-15|13-14,1,0.03165549010649068,297.307038,297.259981
616,16,14,18,12,103.159872,,,0.05,1.0,631,12-18|14-16,1,0.07555499252719032,103.1209155,103.081959
617,18,15,21,12,69.7660668,,,0.05,1.0,632,12-21|15-18,1,0.05356114550586216,69.74738805000001,69.7287093
618,20,16,24,12,44.1140538,,,0.05,1.0,633,12-24|16-20,1,0.04246963473322741,44.104688249999995,44.0953227
619,22,17,27,12,28.5400689,,,0.05,1.0,634,12-27|17-22,1,0.5082714040809682,28.6127842,28.6854995
620,24,18,30,12,21.6270816,,,0.05,1.0,635,12-30|18-24,1,0.3846648771762835,21.66875765,21.7104337
621,26,19,33,12,15.97355,,,0.05,1.0,636,12-33|19-26,1,0.047521704535549374,15.969755450000001,15.9659609
622,28,20,36,12,13.1082778,,,0.05,1.0,637,12-36|20-28,1,0.19448310521861645,13.1210369,13.133796
623,30,21,39,12,10.3241628,,,0.05,1.0,638,12-39|21-30,1,0.16877961848923348,10.332882699999999,10.3416026
624,32,22,42,12,8.90796165,,,0.05,1.0,639,12-42|22-32,1,0.19994748867312492,8.916876185,8.92579072
625,34,23,45,12,7.63278585,,,0.05,1.0,640,12-45|23-34,1,0.2463402301292287,7.642198755000001,7.65161166
626,36,24,48,12,7.02025284,,,0.05,1.0,641,12-48|24-36,1,0.05000663218357585,7.022008575,7.02376431
627,38,25,51,12,6.5765008,,,0.05,1.0,642,12-51|25-38,1,0.10084913214200628,6.579818645,6.58313649
628,40,26,54,12,6.23626772,,,0.05,1.0,643,12-54|26-40,1,0.523963404010401,6.252648515,6.26902931
629,15,14,16,13,185.688852,,,0.05,1.0,644,13-16|14-15,1,0.029599586962018722,185.6613745,185.633897
630,17,15,19,13,108.163556,,,0.05,1.0,645,13-19|15-17,1,0.036557809328088005,108.1437885,108.124021
631,19,16,22,13,60.0088348,,,0.05,1.0,646,13-22|16-19,1,0.04492712197896383,60.02231795,60.0358011
632,21,17,25,13,35.6404747,,,0.05,1.0,647,13-25|17-21,1,0.17939239200263543,35.67247155,35.7044684
633,23,18,28,13,25.4879066,,,0.05,1.0,648,13-28|18-23,1,0.8205729361183655,25.59291085,25.6979151
634,25,19,31,13,18.8653512,,,0.05,1.0,649,13-31|19-25,1,0.05076783588065928,18.86056365,18.8557761
635,27,20,34,13,14.4102757,,,0.05,1.0,650,13-34|20-27,1,0.1387910267080096,14.40028255,14.3902894
636,29,21,37,13,11.5589338,,,0.05,1.0,651,13-37|21-29,1,0.2216620672938442,11.571758899999999,11.584584
637,31,22,40,13,9.3122177,,,0.05,1.0,652,13-40|22-31,1,0.2670507804111186,9.3246685,9.3371193
638,33,23,43,13,8.00132681,,,0.05,1.0,653,13-43|23-33,1,0.4733090505312253,8.02030723,8.03928765
639,35,24,46,13,7.17409088,,,0.05,1.0,654,13-46|24-35,1,0.5833707537066689,7.19507787,7.21606486
640,37,25,49,13,6.70928615,,,0.05,1.0,655,13-49|25-37,1,0.5188143419847487,6.726735785,6.74418542
641,39,26,52,13,6.36739315,,,0.05,1.0,656,13-52|26-39,1,0.7436420569192419,6.391156815,6.41492048
642,41,27,55,13,6.04264656,,,0.05,1.0,657,13-55|27-41,1,0.10132970974767604,6.045709609999999,6.04877266
643,16,15,17,14,219.132073,,,0.05,1.0,658,14-17|15-16,1,0.0196886956167473,219.110503,219.088933
644,18,16,20,14,93.3551315,,,0.05,1.0,659,14-20|16-18,1,0.07607562994667652,93.31963475,93.284138
645,20,17,23,14,49.8810901,,,0.05,1.0,660,14-23|17-20,1,0.091790649612876,49.9039937,49.9268973
646,22,18,26,14,31.1244374,,,0.05,1.0,661,14-26|18-22,1,0.14077599762722326,31.146360700000002,31.168284
647,24,19,29,14,21.1027367,,,0.05,1.0,662,14-29|19-24,1,0.006206022733721716,21.1020819,21.1014271
648,26,20,32,14,16.4739199,,,0.05,1.0,663,14-32|20-26,1,0.06031895306374078,16.46895295,16.463986
649,28,21,35,14,13.434624,,,0.05,1.0,664,14-35|21-28,1,0.1146345608070725,13.42692805,13.4192321
650,30,22,38,14,10.038033,,,0.05,1.0,665,14-38|22-30,1,0.032047956292861474,10.039641750000001,10.0412505
651,32,23,41,14,8.36400721,,,0.05,1.0,666,14-41|23-32,1,0.20467513252044078,8.3725755,8.38114379
652,34,24,44,14,7.58617623,,,0.05,1.0,667,14-44|24-34,1,0.13910953806499005,7.591456450000001,7.59673667
653,36,25,47,14,6.55920746,,,0.05,1.0,668,14-47|25-36,1,0.08975713435344278,6.56215246,6.56509746
654,38,26,50,14,6.62057396,,,0.05,1.0,669,14-50|26-38,1,0.25157264772803356,6.628912225,6.63725049
655,40,27,53,14,6.16054394,,,0.05,1.0,670,14-53|27-40,1,0.6142127527089433,6.1795216449999995,6.19849935
656,42,28,56,14,5.83279681,,,0.05,1.0,671,14-56|28-42,1,0.3376106360248619,5.84265953,5.85252225
657,17,16,18,15,271.400678,,,0.05,1.0,672,15-18|16-17,1,0.1769968845596713,271.160705,270.920732
658,19,17,21,15,89.7340889,,,0.05,1.0,673,15-21|17-19,1,0.019583838512011446,89.74287645000001,89.751664
659,21,18,24,15,47.4782819,,,0.05,1.0,674,15-24|18-21,1,0.029866460141316525,47.485372999999996,47.4924641
660,23,19,27,15,28.0226911,,,0.05,1.0,675,15-27|19-23,1,0.03924334652111719,28.0281907,28.0336903
661,25,20,30,15,20.283798,,,0.05,1.0,676,15-30|20-25,1,0.020424561882162504,20.285869650000002,20.2879413
662,27,21,33,15,15.0949014,,,0.05,1.0,677,15-33|21-27,1,0.08684515075510404,15.08834965,15.0817979
663,29,22,36,15,11.9507583,,,0.05,1.0,678,15-36|22-29,1,0.057514141285509766,11.9473226,11.9438869
664,31,23,39,15,8.7857832,,,0.05,1.0,679,15-39|23-31,1,0.1832918906984465,8.793842399999999,8.8019016
665,33,24,42,15,7.94136819,,,0.05,1.0,680,15-42|24-33,1,0.3165659179779799,7.95395795,7.96654771
666,35,25,45,15,6.75030458,,,0.05,1.0,681,15-45|25-35,1,0.7570196699514326,6.72485036,6.69939614
667,37,26,48,15,6.75937468,,,0.05,1.0,682,15-48|26-37,1,0.20566325662787666,6.766332609999999,6.77329054
668,39,27,51,15,6.33543465,,,0.05,1.0,683,15-51|27-39,1,0.38628731681843004,6.34769482,6.35995499
669,41,28,54,15,5.95980096,,,0.05,1.0,684,15-54|28-41,1,0.4086523176877109,5.972003324999999,5.98420569
670,18,17,19,16,226.052377,,,0.05,1.0,685,16-19|17-18,1,0.0639191715172796,226.12464549999999,226.196914
671,20,18,22,16,94.5973894,,,0.05,1.0,686,16-22|18-20,1,0.09328885098887477,94.6415344,94.6856794
672,22,19,25,16,43.3751183,,,0.05,1.0,687,16-25|19-22,1,0.045458275136543,43.36526175,43.3554052
673,24,20,28,16,25.7500665,,,0.05,1.0,688,16-28|20-24,1,0.024879947091148477,25.7532702,25.7564739
674,26,21,31,16,19.7154808,,,0.05,1.0,689,16-31|21-26,1,0.03882068814853251,19.7116547,19.7078286
675,28,22,34,16,14.2125122,,,0.05,1.0,690,16-34|22-28,1,0.03914938155204135,14.2152948,14.2180774
676,30,23,37,16,10.4787425,,,0.05,1.0,691,16-37|23-30,1,0.047907487128683195,10.47623305,10.4737236
677,32,24,40,16,8.63189788,,,0.05,1.0,692,16-40|24-32,1,0.3135514542250385,8.64545185,8.65900582
678,34,25,43,16,7.18703516,,,0.05,1.0,693,16-43|25-34,1,0.31232297432459094,7.198276095,7.20951703
679,36,26,46,16,6.7199834,,,0.05,1.0,694,16-46|26-36,1,0.06411992240834907,6.722138515,6.72429363
680,38,27,49,16,6.70845099,,,0.05,1.0,695,16-49|27-38,1,0.5435361399333792,6.7267320999999995,6.74501321
681,40,28,52,16,6.28932615,,,0.05,1.0,696,16-52|28-40,1,0.5003052672363347,6.30509852,6.32087089
682,42,29,55,16,6.09319501,,,0.05,1.0,697,16-55|29-42,1,0.09365350861760013,6.0903431,6.08749119
683,19,18,20,17,293.542409,,,0.05,1.0,698,17-20|18-19,1,0.12914285874586323,293.732076,293.921743
684,21,19,23,17,89.2195512,,,0.05,1.0,699,17-23|19-21,1,0.1268874694215991,89.27619135,89.3328315
685,23,20,26,17,47.6134344,,,0.05,1.0,700,17-26|20-23,1,0.0804887763867215,47.63260385,47.6517733
686,25,21,29,17,28.3995421,,,0.05,1.0,701,17-29|21-25,1,0.06678686589456491,28.40902885,28.4185156
687,27,22,32,17,19.327326,,,0.05,1.0,702,17-32|22-27,1,0.08785879779056231,19.318839349999998,19.3103527
688,29,23,35,17,13.5069218,,,0.05,1.0,703,17-35|23-29,1,0.09700390856501323,13.5134761,13.5200304
689,31,24,38,17,10.0228498,,,0.05,1.0,704,17-38|24-31,1,0.35799656137738955,10.0408227,10.0587956
690,33,25,41,17,7.84251287,,,0.05,1.0,705,17-41|25-33,1,1.165689301712998,7.888490515,7.93446816
691,35,26,44,17,7.1691803,,,0.05,1.0,706,17-44|26-35,1,0.6874248222278474,7.19390665,7.218633
692,37,27,47,17,6.96257361,,,0.05,1.0,707,17-47|27-37,1,1.5002820693935204,7.015197485,7.06782136
693,39,28,50,17,6.64142781,,,0.05,1.0,708,17-50|28-39,1,0.9266202952837677,6.672341445,6.70325508
694,41,29,53,17,6.29488251,,,0.05,1.0,709,17-53|29-41,1,0.7742170775703866,6.319345235,6.34380796
695,43,30,56,17,6.04580109,,,0.05,1.0,710,17-56|30-43,1,0.9743529593905131,6.0753990049999995,6.10499692
696,20,19,21,18,299.115437,,,0.05,1.0,711,18-21|19-20,1,0.049825199188740746,299.189973,299.264509
697,22,20,24,18,102.813545,,,0.05,1.0,712,18-24|20-22,1,0.012106621247118364,102.81976900000001,102.825993
698,24,21,27,18,45.1176414,,,0.05,1.0,713,18-27|21-24,1,0.1458017464903249,45.15055655,45.1834717
699,26,22,30,18,26.9840448,,,0.05,1.0,714,18-30|22-26,1,0.15277207989553446,27.0046726,27.0253004
700,28,23,33,18,17.2797355,,,0.05,1.0,715,18-33|23-28,1,0.6735181118103838,17.3381232,17.3965109
701,30,24,36,18,13.3936109,,,0.05,1.0,716,18-36|24-30,1,0.30705359787507275,13.414205299999999,13.4347997
702,32,25,39,18,8.73999276,,,0.05,1.0,717,18-39|25-32,1,1.2113458240718313,8.793251099999999,8.84650944
703,34,26,42,18,7.7824734,,,0.05,1.0,718,18-42|26-34,1,1.214015380888574,7.830002115,7.87753083
704,36,27,45,18,6.96796719,,,0.05,1.0,719,18-45|27-36,1,0.7385585181577351,6.9937938200000005,7.01962045
705,38,28,48,18,7.10566119,,,0.05,1.0,720,18-48|28-38,1,0.9845908214207874,7.140815095000001,7.175969
706,40,29,51,18,6.70448058,,,0.05,1.0,721,18-51|29-40,1,1.0228524906793905,6.7389453150000005,6.77341005
707,42,30,54,18,6.31529754,,,0.05,1.0,722,18-54|30-42,1,1.387770199286452,6.35942464,6.40355174
708,21,20,22,19,257.501283,,,0.05,1.0,723,19-22|20-21,1,0.06502119639490463,257.417595,257.333907
709,23,21,25,19,111.413433,,,0.05,1.0,724,19-25|21-23,1,0.027744668385120155,111.39797949999999,111.382526
710,25,22,28,19,43.2173456,,,0.05,1.0,725,19-28|22-25,1,0.07442860147216586,43.20126855,43.1851915
711,27,23,31,19,25.60217,,,0.05,1.0,726,19-31|23-27,1,0.1415905186924301,25.584057700000002,25.5659454
712,29,24,34,19,16.7335459,,,0.05,1.0,727,19-34|24-29,1,0.04207308296098605,16.7370668,16.7405877
713,31,25,37,19,11.1679459,,,0.05,1.0,728,19-37|25-31,1,0.06086554129673181,11.17134565,11.1747454
714,33,26,40,19,8.44392332,,,0.05,1.0,729,19-40|26-33,1,0.5080349765724193,8.465426985,8.48693065
715,35,27,43,19,7.31597367,,,0.05,1.0,730,19-43|27-35,1,0.3511745696022265,7.328842185,7.3417107
716,37,28,46,19,7.40771468,,,0.05,1.0,731,19-46|28-37,1,0.16570658827915732,7.4138573050000005,7.41999993
717,39,29,49,19,7.23873821,,,0.05,1.0,732,19-49|29-39,1,0.14068531113430974,7.243833715,7.24892922
718,41,30,52,19,6.76736306,,,0.05,1.0,733,19-52|30-41,1,0.24102135345004508,6.775528295,6.78369353
719,43,31,55,19,6.47926193,,,0.05,1.0,734,19-55|31-43,1,0.16273678604014322,6.473994145,6.46872636
720,22,21,23,20,296.346907,,,0.05,1.0,735,20-23|21-22,1,0.014598378111594205,296.3685395,296.390172
721,24,22,26,20,90.988749,,,0.05,1.0,736,20-26|22-24,1,0.04584298528222718,90.9678978,90.9470466
722,26,23,29,20,38.1960718,,,0.05,1.0,737,20-29|23-26,1,0.02972317954040607,38.1903961,38.1847204
723,28,24,32,20,25.6002164,,,0.05,1.0,738,20-32|24-28,1,0.028040362327217756,25.6038061,25.6073958
724,30,25,35,20,15.2621415,,,0.05,1.0,739,20-35|25-30,1,0.04241916399879959,15.25890515,15.2556688
725,32,26,38,20,9.99914615,,,0.05,1.0,740,20-38|26-32,1,0.3221194070401492,10.015276725,10.0314073
726,34,27,41,20,7.9819295,,,0.05,1.0,741,20-41|27-34,1,0.6586359774621292,8.008302279999999,8.03467506
727,36,28,44,20,7.32769989,,,0.05,1.0,742,20-44|28-36,1,0.10762209388851765,7.331645125,7.33559036
728,38,29,47,20,7.6770468,,,0.05,1.0,743,20-47|29-38,1,0.1967585365843912,7.684606860000001,7.69216692
729,40,30,50,20,7.24513936,,,0.05,1.0,744,20-50|30-40,1,0.3511848799400484,7.257883655,7.27062795
730,42,31,53,20,6.67731418,,,0.05,1.0,745,20-53|31-42,1,0.36600857666292613,6.689556355,6.70179853
731,44,32,56,20,6.14994389,,,0.05,1.0,746,20-56|32-44,1,0.4231332659564819,6.162982705,6.17602152
732,23,22,24,21,382.686253,,,0.05,1.0,747,21-24|22-23,1,0.00423105280814835,382.694349,382.702445
733,25,23,27,21,84.8546388,,,0.05,1.0,748,21-27|23-25,1,0.0724582273534072,84.82390785000001,84.7931769
734,27,24,30,21,43.2097644,,,0.05,1.0,749,21-30|24-27,1,0.06263832845971064,43.1962357,43.182707
735,29,25,33,21,20.5970997,,,0.05,1.0,750,21-33|25-29,1,0.1287308553887708,20.61036565,20.6236316
736,31,26,36,21,14.6825168,,,0.05,1.0,751,21-36|26-31,1,0.3741554405441227,14.710035999999999,14.7375552
737,33,27,39,21,9.06334466,,,0.05,1.0,752,21-39|27-33,1,0.38998202421349776,9.081051895,9.09875913
738,35,28,42,21,7.58377293,,,0.05,1.0,753,21-42|28-35,1,0.030143762446244875,7.582630085,7.58148724
739,37,29,45,21,7.93113812,,,0.05,1.0,754,21-45|29-37,1,0.0601081048303263,7.933522464999999,7.93590681
740,39,30,48,21,7.67285763,,,0.05,1.0,755,21-48|30-39,1,0.2718613833093946,7.683301595,7.69374556
741,41,31,51,21,7.01959498,,,0.05,1.0,756,21-51|31-41,1,0.283455240752519,7.029557805,7.03952063
742,43,32,54,21,6.50918678,,,0.05,1.0,757,21-54|32-43,1,0.4165769703437735,6.522772965,6.53635915
743,24,23,25,22,252.531184,,,0.05,1.0,758,22-25|23-24,1,0.07446446204385503,252.437196,252.343208
744,26,24,28,22,93.4957687,,,0.05,1.0,759,22-28|24-26,1,0.03181430694538427,93.48089855,93.4660284
745,28,25,31,22,41.1113033,,,0.05,1.0,760,22-31|25-28,1,0.01223724804605218,41.1138189,41.1163345
746,30,26,34,22,20.4368936,,,0.05,1.0,761,22-34|26-30,1,0.15952607766261415,20.4532077,20.4695218
747,32,27,37,22,13.483244,,,0.05,1.0,762,22-37|27-32,1,0.07561862385352183,13.48834385,13.4934437
748,34,28,40,22,8.69891762,,,0.05,1.0,763,22-40|28-34,1,0.1688982769531695,8.70626999,8.71362236
749,36,29,43,22,7.92068631,,,0.05,1.0,764,22-43|29-36,1,0.011278699109460302,7.92023966,7.91979301
750,38,30,46,22,8.3177402,,,0.05,1.0,765,22-46|30-38,1,0.16053522966423786,8.324422015,8.33110383
751,40,31,49,22,7.71215429,,,0.05,1.0,766,22-49|31-40,1,0.1747142044335268,7.718897295,7.7256403
752,42,32,52,22,6.90387178,,,0.05,1.0,767,22-52|32-42,1,0.25937773599681957,6.91283696,6.92180214
753,44,33,55,22,6.42254386,,,0.05,1.0,768,22-55|33-44,1,0.2078712412916172,6.41587548,6.4092071
754,25,24,26,23,384.674422,,,0.05,1.0,769,23-26|24-25,1,0.04986783824150927,384.5785315,384.482641
755,27,25,29,23,91.4884468,,,0.05,1.0,770,23-29|25-27,1,0.016117541330308034,91.48107455,91.4737023
756,29,26,32,23,40.1525438,,,0.05,1.0,771,23-32|26-29,1,0.015905113923016814,40.1493509,40.146158
757,31,27,35,23,22.5256716,,,0.05,1.0,772,23-35|27-31,1,0.1505060273694408,22.5087331,22.4917946
758,33,28,38,23,12.0801768,,,0.05,1.0,773,23-38|28-33,1,0.12600563802698272,12.08779245,12.0954081
759,35,29,41,23,9.06571561,,,0.05,1.0,774,23-41|29-35,1,0.08840863597447995,9.069724820000001,9.07373403
760,37,30,44,23,9.3283358,,,0.05,1.0,775,23-44|30-37,1,0.15385617455065556,9.335517435,9.34269907
761,39,31,47,23,8.50332605,,,0.05,1.0,776,23-47|31-39,1,0.12645765400374878,8.508706005,8.51408596
762,41,32,50,23,7.55059913,,,0.05,1.0,777,23-50|32-41,1,0.19523187429897712,7.55797692,7.56535471
763,43,33,53,23,6.91157318,,,0.05,1.0,778,23-53|33-43,1,0.13674287301991564,6.916301955,6.92103073
764,45,34,56,23,6.61298878,,,0.05,1.0,779,23-56|34-45,1,0.2215789035321132,6.6203234,6.62765802
765,26,25,27,24,271.098853,,,0.05,1.0,780,24-27|25-26,1,0.027733951584708722,271.06126500000005,271.023677
766,28,26,30,24,80.9501223,,,0.05,1.0,781,24-30|26-28,1,0.018420881913517255,80.95757885,80.9650354
767,30,27,33,24,35.0450803,,,0.05,1.0,782,24-33|27-30,1,0.09665899051764835,35.0620256,35.0789709
768,32,28,36,24,21.8708142,,,0.05,1.0,783,24-36|28-32,1,0.07485558177203659,21.8626315,21.8544488
769,34,29,39,24,11.1660327,,,0.05,1.0,784,24-39|29-34,1,0.06499211650299122,11.1696624,11.1732921
770,36,30,42,24,9.43397928,,,0.05,1.0,785,24-42|30-36,1,0.06915293431514861,9.437242345000001,9.44050541
771,38,31,45,24,9.33363988,,,0.05,1.0,786,24-45|31-38,1,0.3000109583017972,9.347661885,9.36168389
772,40,32,48,24,8.26334377,,,0.05,1.0,787,24-48|32-40,1,0.2915998362865278,8.27540931,8.28747485
773,42,33,51,24,7.3203091,,,0.05,1.0,788,24-51|33-42,1,0.15519109619442076,7.325993745,7.33167839
774,44,34,54,24,6.74196789,,,0.05,1.0,789,24-54|34-44,1,0.24626890244421257,6.75027981,6.75859173
775,27,26,28,25,257.42412,,,0.05,1.0,790,25-28|26-27,1,0.06608284773556937,257.3390915,257.254063
776,29,27,31,25,83.3294047,,,0.05,1.0,791,25-31|27-29,1,0.11723281205374071,83.37827805,83.4271514
777,31,28,34,25,34.2698559,,,0.05,1.0,792,25-34|28-31,1,0.01603058865419484,34.27260295000001,34.27535
778,33,29,37,25,20.0444841,,,0.05,1.0,793,25-37|29-33,1,0.07270778245417768,20.0517737,20.0590633
779,35,30,40,25,11.8122794,,,0.05,1.0,794,25-40|30-35,1,0.939878643655578,11.7570285,11.7017776
780,37,31,43,25,10.7838072,,,0.05,1.0,795,25-43|31-37,1,0.25524590798867236,10.797587400000001,10.8113676
781,39,32,46,25,9.28673431,,,0.05,1.0,796,25-46|32-39,1,0.3016500093427563,9.300762185,9.31479006
782,41,33,49,25,8.17861342,,,0.05,1.0,797,25-49|33-41,1,0.2615444594797103,8.18932278,8.20003214
783,43,34,52,25,7.45387954,,,0.05,1.0,798,25-52|34-43,1,0.3306385460729801,7.466222645,7.47856575
784,45,35,55,25,7.18173727,,,0.05,1.0,799,25-55|35-45,1,0.5028780859878171,7.199840480000001,7.21794369
785,28,27,29,26,207.110741,,,0.05,1.0,800,26-29|27-28,1,0.16752734419870188,207.28437,207.457999
786,30,28,32,26,76.1987376,,,0.05,1.0,801,26-32|28-30,1,0.005810763771351526,76.1965238,76.19431
787,32,29,35,26,37.599738,,,0.05,1.0,802,26-35|29-32,1,0.09994183636900524,37.58095845,37.5621789
788,34,30,38,26,18.0225706,,,0.05,1.0,803,26-38|30-34,1,0.00025190603395373613,18.0225933,18.022616
789,36,31,41,26,11.9735646,,,0.05,1.0,804,26-41|31-36,1,0.10185760025007067,11.9796657,11.9857668
790,38,32,44,26,10.9144352,,,0.05,1.0,805,26-44|32-38,1,0.3412995911266661,10.9330925,10.9517498
791,40,33,47,26,9.18277458,,,0.05,1.0,806,26-47|33-40,1,0.2982638109862783,9.19648948,9.21020438
792,42,34,50,26,8.15600441,,,0.05,1.0,807,26-50|34-42,1,0.3686475104035219,8.171065625,8.18612684
793,44,35,53,26,7.31461885,,,0.05,1.0,808,26-53|35-44,1,1.5570594240291284,7.372012155,7.42940546
794,46,36,56,26,7.01762141,,,0.05,1.0,809,26-56|36-46,1,1.0050476298335995,7.05306474,7.08850807
795,29,28,30,27,213.21454,,,0.05,1.0,810,27-30|28-29,1,0.05723479864685462,213.15354100000002,213.092542
796,31,29,33,27,66.8263076,,,0.05,1.0,811,27-33|29-31,1,0.0007404242220752858,66.82655500000001,66.8268024
797,33,30,36,27,41.3877672,,,0.05,1.0,812,27-36|30-33,1,0.012491669013985072,41.38518235,41.3825975
798,35,31,39,27,17.1020297,,,0.05,1.0,813,27-39|31-35,1,0.2640648426092838,17.07947925,17.0569288
799,37,32,42,27,13.196149,,,0.05,1.0,814,27-42|32-37,1,0.2798766839025839,13.21464135,13.2331337
800,39,33,45,27,10.5271828,,,0.05,1.0,815,27-45|33-39,1,0.5503120531992162,10.5562289,10.585275
801,41,34,48,27,9.18673166,,,0.05,1.0,816,27-48|34-41,1,0.3514980066336455,9.202905675,9.21907969
802,43,35,51,27,8.25599757,,,0.05,1.0,817,27-51|35-43,1,0.35799731757458664,8.270802195,8.28560682
803,45,36,54,27,7.53152998,,,0.05,1.0,818,27-54|36-45,1,0.43965434661472846,7.548122805,7.56471563
804,30,29,31,28,210.841735,,,0.05,1.0,819,28-31|29-30,1,0.01034715855298898,210.8308275,210.81992
805,32,30,34,28,72.6820384,,,0.05,1.0,820,28-34|30-32,1,0.0008538597199240854,72.6817281,72.6814178
806,34,31,37,28,37.5706628,,,0.05,1.0,821,28-37|31-34,1,0.008008853926282419,37.57216735,37.5736719
807,36,32,40,28,16.6100962,,,0.05,1.0,822,28-40|32-36,1,0.214464490371346,16.5923039,16.5745116
808,38,33,43,28,13.1384728,,,0.05,1.0,823,28-43|33-38,1,0.08873729133523404,13.14430475,13.1501367
809,40,34,46,28,10.8803642,,,0.05,1.0,824,28-46|34-40,1,0.19892212579356602,10.8911967,10.9020292
810,42,35,49,28,9.53381645,,,0.05,1.0,825,28-49|35-42,1,0.658976111681842,9.56533308,9.59684971
811,44,36,52,28,8.03304379,,,0.05,1.0,826,28-52|36-44,1,0.5590422715679194,8.055560785,8.07807778
812,46,37,55,28,7.13991012,,,0.05,1.0,827,28-55|37-46,1,0.30733001877479926,7.12895541,7.1180007
813,31,30,32,29,232.33993,,,0.05,1.0,828,29-32|30-31,1,0.03264510655187951,232.37786,232.41579
814,33,31,35,29,86.4725858,,,0.05,1.0,829,29-35|31-33,1,0.08036594847147363,86.4378525,86.4031192
815,35,32,38,29,29.4493669,,,0.05,1.0,830,29-38|32-35,1,0.9110574268711794,29.315824900000003,29.1822829
816,37,33,41,29,17.3249512,,,0.05,1.0,831,29-41|33-37,1,0.03143641638518623,17.3276748,17.3303984
817,39,34,44,29,13.5583347,,,0.05,1.0,832,29-44|34-39,1,0.1608239691431649,13.569246,13.5801573
818,41,35,47,29,11.217449,,,0.05,1.0,833,29-47|35-41,1,0.5056766152171044,11.2458829,11.2743168
819,43,36,50,29,9.43988566,,,0.05,1.0,834,29-50|36-43,1,0.4687997943975166,9.46206473,9.4842438
820,45,37,53,29,7.5865963,,,0.05,1.0,835,29-53|37-45,1,0.32381281404790435,7.598899405,7.61120251
821,47,38,56,29,6.67500552,,,0.05,1.0,836,29-56|38-47,1,0.27705170463279905,6.684264955,6.69352439
822,32,31,33,30,208.304126,,,0.05,1.0,837,30-33|31-32,1,0.0014104476833439188,208.302657,208.301188
823,34,32,36,30,90.05605,,,0.05,1.0,838,30-36|32-34,1,0.03179447811588813,90.04173585000001,90.0274217
824,36,33,39,30,25.195363,,,0.05,1.0,839,30-39|33-36,1,0.08082132251915365,25.1851855,25.175008
825,38,34,42,30,18.4094706,,,0.05,1.0,840,30-42|34-38,1,0.11810634374321778,18.4203484,18.4312262
826,40,35,45,30,14.2122946,,,0.05,1.0,841,30-45|35-40,1,2.44507997234303,14.388196050000001,14.5640975
827,42,36,48,30,11.3077051,,,0.05,1.0,842,30-48|36-42,1,0.48067977377046417,11.3349475,11.3621899
828,44,37,51,30,8.16640179,,,0.05,1.0,843,30-51|37-44,1,0.25471761627460765,8.176815685000001,8.18722958
829,46,38,54,30,7.12388646,,,0.05,1.0,844,30-54|38-46,1,0.342554045708092,7.136108975,7.14833149
830,33,32,34,31,225.275519,,,0.05,1.0,845,31-34|32-33,1,0.039151285674144554,225.2314285,225.187338
831,35,33,37,31,62.1132023,,,0.05,1.0,846,31-37|33-35,1,0.23469804114813703,62.040398499999995,61.9675947
832,37,34,40,31,27.9033827,,,0.05,1.0,847,31-40|34-37,1,0.0433310150954718,27.8973386,27.8912945
833,39,35,43,31,20.2080479,,,0.05,1.0,848,31-43|35-39,1,0.5113193331252813,20.25984415,20.3116404
834,41,36,46,31,14.4992096,,,0.05,1.0,849,31-46|36-41,1,0.39249036852449587,14.52771955,14.5562295
835,43,37,49,31,10.2008561,,,0.05,1.0,850,31-49|37-43,1,0.317767602190122,10.217089399999999,10.2333227
836,45,38,52,31,7.95109589,,,0.05,1.0,851,31-52|38-45,1,0.2212867419497947,7.959902995,7.9687101
837,47,39,55,31,7.15454844,,,0.05,1.0,852,31-55|39-47,1,0.2071211125666506,7.147146815,7.13974519
838,34,33,35,32,217.471831,,,0.05,1.0,853,32-35|33-34,1,0.09282795553806378,217.37094050000002,217.27005
839,36,34,38,32,52.4655855,,,0.05,1.0,854,32-38|34-36,1,0.043380504340685515,52.454208050000005,52.4428306
840,38,35,41,32,33.3756555,,,0.05,1.0,855,32-41|35-38,1,0.31267698343696304,33.4279162,33.4801769
841,40,36,44,32,21.9230164,,,0.05,1.0,856,32-44|36-40,1,0.36127361107159495,21.9626891,22.0023618
842,42,37,47,32,12.9413412,,,0.05,1.0,857,32-47|37-42,1,0.3014603066429012,12.96087715,12.9804131
843,44,38,50,32,8.86188758,,,0.05,1.0,858,32-50|38-44,1,0.32694365476509324,8.876397990000001,8.8909084
844,46,39,53,32,7.76459497,,,0.05,1.0,859,32-53|39-46,1,0.08389833797998733,7.76785352,7.77111207
845,48,40,56,32,7.31945328,,,0.05,1.0,860,32-56|40-48,1,0.00894191459440331,7.319126045,7.31879881
846,35,34,36,33,179.330206,,,0.05,1.0,861,33-36|34-35,1,0.08455523647989623,179.2544215,179.178637
847,37,35,39,33,64.2771133,,,0.05,1.0,862,33-39|35-37,1,0.09506376228708702,64.30767995,64.3382466
848,39,36,42,33,34.126687,,,0.05,1.0,863,33-42|36-39,1,0.22065584193534052,34.16437985,34.2020727
849,41,37,45,33,17.3699603,,,0.05,1.0,864,33-45|37-41,1,0.7508835397924136,17.43542015,17.50088
850,43,38,48,33,11.1954614,,,0.05,1.0,865,33-48|38-43,1,0.18755805638518078,11.20597025,11.2164791
851,45,39,51,33,8.76697911,,,0.05,1.0,866,33-51|39-45,1,0.14937894997811518,8.773532015,8.78008492
852,47,40,54,33,7.78693662,,,0.05,1.0,867,33-54|40-47,1,0.014156041402330103,7.78748782,7.78803902
853,36,35,37,34,213.477923,,,0.05,1.0,868,34-37|35-36,1,0.01954015831341044,213.498782,213.519641
854,38,36,40,34,67.1040901,,,0.05,1.0,869,34-40|36-38,1,0.10162068196248056,67.13820325,67.1723164
855,40,37,43,34,28.1602221,,,0.05,1.0,870,34-43|37-40,1,0.10064207312882041,28.17439975,28.1885774
856,42,38,46,34,14.5508555,,,0.05,1.0,871,34-46|38-42,1,0.09148677068816902,14.557514600000001,14.5641737
857,44,39,49,34,10.0414276,,,0.05,1.0,872,34-49|39-44,1,0.05729614883959314,10.044305099999999,10.0471826
858,46,40,52,34,8.8461255,,,0.05,1.0,873,34-52|40-46,1,0.038662787542592954,8.84783591,8.84954632
859,48,41,55,34,8.34367506,,,0.05,1.0,874,34-55|41-48,1,0.03239222736907543,8.34502663,8.3463782
860,37,36,38,35,220.792119,,,0.05,1.0,875,35-38|36-37,1,0.1051468161955175,220.908258,221.024397
861,39,37,41,35,47.8957581,,,0.05,1.0,876,35-41|37-39,1,0.38828084580516503,47.988924,48.0820899
862,41,38,44,35,21.6321502,,,0.05,1.0,877,35-44|38-41,1,0.8747215788120477,21.72717635,21.8222025
863,43,39,47,35,13.0654116,,,0.05,1.0,878,35-47|39-43,1,0.4324712824843395,13.0937249,13.1220382
864,45,40,50,35,10.5837787,,,0.05,1.0,879,35-50|40-45,1,0.38274776006443917,10.5635628,10.5433469
865,47,41,53,35,9.06020986,,,0.05,1.0,880,35-53|41-47,1,0.03945454611133507,9.061997545,9.06378523
866,49,42,56,35,8.3517056,,,0.05,1.0,881,35-56|42-49,1,0.08766759207073255,8.355368075000001,8.35903055
867,38,37,39,36,115.55803,,,0.05,1.0,882,36-39|37-38,1,0.0071779540498913995,115.5621775,115.566325
868,40,38,42,36,36.1352271,,,0.05,1.0,883,36-42|38-40,1,0.1446767015688079,36.16138565,36.1875442
869,42,39,45,36,17.8425132,,,0.05,1.0,884,36-45|39-42,1,0.2909342280770527,17.868506,17.8944988
870,44,40,48,36,12.3404201,,,0.05,1.0,885,36-48|40-44,1,0.09161858576803979,12.34607575,12.3517314
871,46,41,51,36,10.7730168,,,0.05,1.0,886,36-51|41-46,1,0.011254676831571962,10.7724106,10.7718044
872,48,42,54,36,9.70454475,,,0.05,1.0,887,36-54|42-48,1,0.04929752616855102,9.70693739,9.70933003
873,39,38,40,37,122.494991,,,0.05,1.0,888,37-40|38-39,1,0.09009159331043817,122.439837,122.384683
874,41,39,43,37,29.8344326,,,0.05,1.0,889,37-43|39-41,1,0.018411592917545808,29.83717935,29.8399261
875,43,40,46,37,18.4253497,,,0.05,1.0,890,37-46|40-43,1,0.05838292926206238,18.430729900000003,18.4361101
876,45,41,49,37,14.8007887,,,0.05,1.0,891,37-49|41-45,1,0.021100425894872668,14.799227349999999,14.797666
877,47,42,52,37,11.9690644,,,0.05,1.0,892,37-52|42-47,1,0.001675165849670022,11.968964150000001,11.9688639
878,49,43,55,37,10.7116442,,,0.05,1.0,893,37-55|43-49,1,0.48573242603354666,10.7377225,10.7638008
879,40,39,41,38,58.2727498,,,0.05,1.0,894,38-41|39-40,1,0.0208755038759125,58.2788328,58.2849158
880,42,40,44,38,28.6914202,,,0.05,1.0,895,38-44|40-42,1,0.017383477085886317,28.693914200000002,28.6964082
881,44,41,47,38,17.5064297,,,0.05,1.0,896,38-47|41-44,1,0.03816926192567387,17.5030893,17.4997489
882,46,42,50,38,14.8688123,,,0.05,1.0,897,38-50|42-46,1,0.019780267513719446,14.8673419,14.8658715
883,48,43,53,38,12.6945733,,,0.05,1.0,898,38-53|43-48,1,0.006549828414387786,12.69498905,12.6954048
884,50,44,56,38,11.6095103,,,0.05,1.0,899,38-56|44-50,1,0.07642104099131265,11.613948050000001,11.6183858
885,41,40,42,39,45.4252586,,,0.05,1.0,900,39-42|40-41,1,0.03602852630818423,45.4334431,45.4416276
886,43,41,45,39,27.094937,,,0.05,1.0,901,39-45|41-43,1,0.21564851936583332,27.12418345,27.1534299
887,45,42,48,39,19.1456192,,,0.05,1.0,902,39-48|42-45,1,0.02926089878524912,19.1484207,19.1512222
888,47,43,51,39,14.7811598,,,0.05,1.0,903,39-51|43-47,1,0.06325184228841035,14.776486599999998,14.7718134
889,49,44,54,39,13.322392,,,0.05,1.0,904,39-54|44-49,1,0.021637916745198438,13.3238335,13.325275
890,42,41,43,40,52.1811283,,,0.05,1.0,905,40-43|41-42,1,0.008765045327315975,52.183415249999996,52.1857022
891,44,42,46,40,24.1920781,,,0.05,1.0,906,40-46|42-44,1,0.001735707211188214,24.191868149999998,24.1916582
892,46,43,49,40,19.7143816,,,0.05,1.0,907,40-49|43-46,1,0.002390611970927062,19.71461725,19.7148529
893,48,44,52,40,17.2701365,,,0.05,1.0,908,40-52|44-48,1,0.010108847459402685,17.27100945,17.2718824
894,50,45,55,40,14.0571142,,,0.05,1.0,909,40-55|45-50,1,0.49942236003752377,14.022099449999999,13.9870847
895,43,42,44,41,56.5237625,,,0.05,1.0,910,41-44|42-43,1,0.021022749360482294,56.5178217,56.5118809
896,45,43,47,41,27.6690002,,,0.05,1.0,911,41-47|43-45,1,0.22651968852867505,27.7003736,27.731747
897,47,44,50,41,21.7119686,,,0.05,1.0,912,41-50|44-47,1,0.02298996376839939,21.709473099999997,21.7069776
898,49,45,53,41,16.2316926,,,0.05,1.0,913,41-53|45-49,1,0.21829844941084744,16.21399515,16.1962977
899,51,46,56,41,15.0168138,,,0.05,1.0,914,41-56|46-51,1,0.0671279700913466,15.01177525,15.0067367
900,44,43,45,42,40.9714545,,,0.05,1.0,915,42-45|43-44,1,0.45124787262653204,41.06410495,41.1567554
901,46,44,48,42,32.909685,,,0.05,1.0,916,42-48|44-46,1,0.291792209061602,32.861741,32.813797
902,48,45,51,42,21.1199032,,,0.05,1.0,917,42-51|45-48,1,0.27180431629202656,21.09123975,21.0625763
903,50,46,54,42,17.3996695,,,0.05,1.0,918,42-54|46-50,1,0.00859536022685291,17.39892175,17.398174
904,45,44,46,43,62.509954,,,0.05,1.0,919,43-46|44-45,1,0.36258983674099554,62.6234872,62.7370204
905,47,45,49,43,29.477238,,,0.05,1.0,920,43-49|45-47,1,0.4047126796350783,29.4177094,29.3581808
906,49,46,52,43,21.5637828,,,0.05,1.0,921,43-52|46-49,1,0.01924616206207287,21.5658581,21.5679334
907,51,47,55,43,20.092574,,,0.05,1.0,922,43-55|47-51,1,0.0767413584056884,20.0848673,20.0771606
908,46,45,47,44,53.9172236,,,0.05,1.0,923,44-47|45-46,1,0.8474930393233067,53.6897153,53.462207
909,48,46,50,44,29.9176116,,,0.05,1.0,924,44-50|46-48,1,0.025332035374970228,29.92140145,29.9251913
910,50,47,53,44,23.3296739,,,0.05,1.0,925,44-53|47-50,1,0.020370983473400356,23.327297899999998,23.3249219
911,52,48,56,44,18.7282832,,,0.05,1.0,926,44-56|48-52,1,0.020364858200761473,18.7263764,18.7244696
912,47,46,48,45,59.3198805,,,0.05,1.0,927,45-48|46-47,1,0.22196448505289176,59.25411895,59.1883574
913,49,47,51,45,30.8791173,,,0.05,1.0,928,45-51|47-49,1,0.06823441843585076,30.868585799999998,30.8580543
914,51,48,54,45,27.7022072,,,0.05,1.0,929,45-54|48-51,1,0.04063317535498836,27.6965802,27.6909532
915,48,47,49,46,69.8531436,,,0.05,1.0,930,46-49|47-48,1,0.14970767935689822,69.80089495,69.7486463
916,50,48,52,46,39.202577,,,0.05,1.0,931,46-52|48-50,1,0.12042691944455278,39.22619645,39.2498159
917,52,49,55,46,27.6536846,,,0.05,1.0,932,46-55|49-52,1,0.08176212268173386,27.6423841,27.6310836
918,49,48,50,47,66.4595174,,,0.05,1.0,933,47-50|48-49,1,0.032864801604085295,66.4485983,66.4376792
919,51,49,53,47,48.2999186,,,0.05,1.0,934,47-53|49-51,1,0.08510362888428365,48.279374849999996,48.2588311
920,53,50,56,47,27.3626336,,,0.05,1.0,935,47-56|50-53,1,0.04645112574964297,27.35627995,27.3499263
921,50,49,51,48,87.9381514,,,0.05,1.0,936,48-51|49-50,1,0.03772202949267439,87.9215685,87.9049856
922,52,50,54,48,45.0930413,,,0.05,1.0,937,48-54|50-52,1,0.020556947200547387,45.0884069,45.0837725
923,51,50,52,49,133.384573,,,0.05,1.0,938,49-52|50-51,1,0.020052782221223635,133.39794799999999,133.411323
924,53,51,55,49,44.1133289,,,0.05,1.0,939,49-55|51-53,1,0.1147858163890716,44.0880255,44.0627221
925,52,51,53,50,110.208075,,,0.05,1.0,940,50-53|51-52,1,0.041491072066765416,110.230943,110.253811
926,54,52,56,50,50.7173917,,,0.05,1.0,941,50-56|52-54,1,0.00419332406187097,50.71632835,50.715265
927,53,52,54,51,158.938329,,,0.05,1.0,942,51-54|52-53,1,0.01956044238993907,158.922786,158.907243
928,54,53,55,52,146.540148,,,0.05,1.0,943,52-55|53-54,1,0.010709801895599601,146.5479955,146.555843
929,55,54,56,53,122.888538,,,0.05,1.0,944,53-56|54-55,1,0.1099469790264437,122.821019,122.7535
