time_s,snd01,snd02,snd03,snd04,snd05,snd06,snd07,snd08,snd09,snd10,snd11,snd12,snd13,snd14,snd15,snd16,snd17,snd18,snd19,snd20,snd21,snd22,snd23,snd24,snd25,snd26,snd27,snd28,snd29,snd30,snd31,snd32,snd33,snd34,snd35,snd36,snd37,snd38,snd39,snd40,snd41,snd42,snd43,snd44,snd45,snd46,snd47,snd48,snd49,snd50,snd51,snd52,snd53,snd54,snd55,snd56,snd57,snd58,snd59,snd60,snd61,snd62,snd63,snd64,snd65,snd66,snd67,snd68,snd69,snd70
6.944000e-06,1.207000e-11,4.110000e-11,1.299000e-11,5.903000e-12,8.041000e-12,1.220000e-11,4.470000e-11,2.341000e-11,2.618000e-11,3.528000e-11,9.774000e-12,8.294000e-12,5.030000e-11,2.901000e-11,4.330000e-11,6.894000e-11,3.414000e-11,8.665000e-12,1.626000e-11,4.402000e-11,7.771000e-11,2.941000e-11,6.325000e-11,5.271000e-11,2.564000e-11,2.375000e-11,2.377000e-11,6.860000e-11,4.048000e-11,4.061000e-11,4.849000e-11,4.225000e-11,6.793000e-11,3.753000e-11,7.118000e-11,2.298000e-11,9.125000e-12,2.305000e-11,1.449000e-11,3.282000e-11,5.722000e-11,3.736000e-11,6.173000e-11,2.407000e-11,7.902000e-11,9.289000e-11,3.000000e-11,4.807000e-11,8.218000e-12,3.746000e-11,6.831000e-11,7.632000e-11,4.731000e-12,2.072000e-11,5.591000e-11,4.537000e-11,1.113000e-11,1.818000e-11,3.681000e-11,1.316000e-11,2.535000e-10,1.762000e-11,2.026000e-11,4.824000e-12,1.037000e-11,1.537000e-10,4.731000e-11,1.936000e-11,3.029000e-11,1.832000e-11
8.102000e-06,1.125000e-11,3.695000e-11,1.116000e-11,5.815000e-12,7.636000e-12,1.209000e-11,4.137000e-11,2.114000e-11,2.479000e-11,3.273000e-11,8.964000e-12,7.986000e-12,4.642000e-11,2.546000e-11,4.079000e-11,6.304000e-11,3.234000e-11,8.479000e-12,1.711000e-11,4.267000e-11,7.202000e-11,2.865000e-11,5.933000e-11,4.967000e-11,2.340000e-11,2.201000e-11,2.344000e-11,6.232000e-11,3.873000e-11,3.885000e-11,4.600000e-11,3.945000e-11,6.544000e-11,3.496000e-11,6.578000e-11,2.180000e-11,8.226000e-12,2.238000e-11,1.297000e-11,3.084000e-11,5.338000e-11,3.519000e-11,5.798000e-11,2.319000e-11,7.493000e-11,8.707000e-11,2.875000e-11,4.655000e-11,8.096000e-12,3.471000e-11,6.434000e-11,7.177000e-11,4.609000e-12,1.783000e-11,5.300000e-11,4.339000e-11,1.052000e-11,1.755000e-11,3.524000e-11,1.281000e-11,2.398000e-10,1.641000e-11,1.926000e-11,4.786000e-12,9.154000e-12,1.453000e-10,4.545000e-11,1.841000e-11,2.901000e-11,1.579000e-11
9.259000e-06,1.044000e-11,3.349000e-11,9.702000e-12,5.671000e-12,7.118000e-12,1.191000e-11,3.831000e-11,1.918000e-11,2.368000e-11,3.022000e-11,8.028000e-12,7.771000e-12,4.318000e-11,2.250000e-11,3.832000e-11,5.764000e-11,3.056000e-11,8.269000e-12,1.725000e-11,4.144000e-11,6.683000e-11,2.806000e-11,5.562000e-11,4.676000e-11,2.145000e-11,2.049000e-11,2.317000e-11,5.701000e-11,3.716000e-11,3.723000e-11,4.368000e-11,3.677000e-11,6.295000e-11,3.267000e-11,6.089000e-11,2.066000e-11,7.430000e-12,2.175000e-11,1.165000e-11,2.909000e-11,4.992000e-11,3.324000e-11,5.427000e-11,2.241000e-11,7.118000e-11,8.168000e-11,2.752000e-11,4.516000e-11,7.927000e-12,3.221000e-11,6.089000e-11,6.772000e-11,4.394000e-12,1.550000e-11,5.043000e-11,4.147000e-11,9.959000e-12,1.692000e-11,3.369000e-11,1.239000e-11,2.274000e-10,1.541000e-11,1.856000e-11,4.706000e-12,8.260000e-12,1.377000e-10,4.368000e-11,1.748000e-11,2.785000e-11,1.367000e-11
1.065000e-05,9.673000e-12,3.027000e-11,8.450000e-12,5.444000e-12,6.607000e-12,1.165000e-11,3.522000e-11,1.736000e-11,2.253000e-11,2.780000e-11,7.202000e-12,7.421000e-12,4.009000e-11,1.989000e-11,3.567000e-11,5.254000e-11,2.865000e-11,8.049000e-12,1.692000e-11,4.034000e-11,6.181000e-11,2.725000e-11,5.182000e-11,4.373000e-11,1.965000e-11,1.913000e-11,2.290000e-11,5.207000e-11,3.552000e-11,3.557000e-11,4.139000e-11,3.404000e-11,6.017000e-11,3.039000e-11,5.625000e-11,1.950000e-11,6.704000e-12,2.118000e-11,1.047000e-11,2.748000e-11,4.659000e-11,3.135000e-11,5.051000e-11,2.165000e-11,6.746000e-11,7.628000e-11,2.629000e-11,4.381000e-11,7.691000e-12,2.986000e-11,5.747000e-11,6.371000e-11,4.079000e-12,1.346000e-11,4.786000e-11,3.955000e-11,9.500000e-12,1.620000e-11,3.206000e-11,1.197000e-11,2.153000e-10,1.452000e-11,1.787000e-11,4.571000e-12,7.590000e-12,1.304000e-10,4.188000e-11,1.657000e-11,2.668000e-11,1.182000e-11
1.227000e-05,8.888000e-12,2.681000e-11,7.206000e-12,5.123000e-12,6.089000e-12,1.134000e-11,3.167000e-11,1.537000e-11,2.099000e-11,2.523000e-11,6.569000e-12,6.941000e-12,3.654000e-11,1.730000e-11,3.255000e-11,4.723000e-11,2.638000e-11,7.801000e-12,1.647000e-11,3.928000e-11,5.617000e-11,2.596000e-11,4.782000e-11,4.042000e-11,1.778000e-11,1.761000e-11,2.253000e-11,4.638000e-11,3.358000e-11,3.369000e-11,3.892000e-11,3.108000e-11,5.667000e-11,2.775000e-11,5.106000e-11,1.816000e-11,5.987000e-12,2.048000e-11,9.281000e-12,2.579000e-11,4.271000e-11,2.915000e-11,4.626000e-11,2.083000e-11,6.316000e-11,7.016000e-11,2.489000e-11,4.217000e-11,7.379000e-12,2.731000e-11,5.351000e-11,5.907000e-11,3.702000e-12,1.131000e-11,4.474000e-11,3.728000e-11,9.104000e-12,1.531000e-11,3.014000e-11,1.149000e-11,2.010000e-10,1.351000e-11,1.672000e-11,4.385000e-12,6.953000e-12,1.221000e-10,3.971000e-11,1.552000e-11,2.538000e-11,9.989000e-12
1.401000e-05,8.146000e-12,2.346000e-11,6.059000e-12,4.773000e-12,5.583000e-12,1.103000e-11,2.813000e-11,1.344000e-11,1.928000e-11,2.280000e-11,6.063000e-12,6.498000e-12,3.290000e-11,1.491000e-11,2.938000e-11,4.204000e-11,2.407000e-11,7.514000e-12,1.601000e-11,3.822000e-11,5.051000e-11,2.448000e-11,4.381000e-11,3.701000e-11,1.601000e-11,1.604000e-11,2.210000e-11,4.051000e-11,3.152000e-11,3.171000e-11,3.638000e-11,2.810000e-11,5.292000e-11,2.502000e-11,4.583000e-11,1.681000e-11,5.300000e-12,1.970000e-11,8.134000e-12,2.407000e-11,3.868000e-11,2.685000e-11,4.201000e-11,1.996000e-11,5.861000e-11,6.388000e-11,2.343000e-11,4.038000e-11,7.042000e-12,2.476000e-11,4.942000e-11,5.427000e-11,3.321000e-12,9.281000e-12,4.136000e-11,3.489000e-11,8.724000e-12,1.438000e-11,2.815000e-11,1.100000e-11,1.859000e-10,1.248000e-11,1.526000e-11,4.182000e-12,6.363000e-12,1.135000e-10,3.736000e-11,1.442000e-11,2.404000e-11,8.336000e-12
1.609000e-05,7.531000e-12,2.076000e-11,5.199000e-12,4.448000e-12,5.169000e-12,1.073000e-11,2.522000e-11,1.187000e-11,1.777000e-11,2.082000e-11,5.633000e-12,6.165000e-12,2.985000e-11,1.306000e-11,2.671000e-11,3.736000e-11,2.213000e-11,7.206000e-12,1.555000e-11,3.719000e-11,4.579000e-11,2.312000e-11,4.016000e-11,3.385000e-11,1.455000e-11,1.469000e-11,2.167000e-11,3.562000e-11,2.949000e-11,2.977000e-11,3.396000e-11,2.537000e-11,4.955000e-11,2.269000e-11,4.145000e-11,1.566000e-11,4.689000e-12,1.894000e-11,7.101000e-12,2.244000e-11,3.520000e-11,2.485000e-11,3.843000e-11,1.911000e-11,5.460000e-11,5.857000e-11,2.214000e-11,3.876000e-11,6.704000e-12,2.264000e-11,4.583000e-11,5.014000e-11,2.973000e-12,7.746000e-12,3.841000e-11,3.280000e-11,8.387000e-12,1.357000e-11,2.640000e-11,1.054000e-11,1.731000e-10,1.163000e-11,1.390000e-11,3.977000e-12,5.899000e-12,1.061000e-10,3.527000e-11,1.343000e-11,2.273000e-11,7.113000e-12
1.852000e-05,6.953000e-12,1.826000e-11,4.470000e-12,4.128000e-12,4.798000e-12,1.043000e-11,2.247000e-11,1.044000e-11,1.626000e-11,1.898000e-11,5.220000e-12,5.827000e-12,2.692000e-11,1.141000e-11,2.414000e-11,3.307000e-11,2.024000e-11,6.898000e-12,1.505000e-11,3.614000e-11,4.123000e-11,2.171000e-11,3.670000e-11,3.084000e-11,1.316000e-11,1.338000e-11,2.122000e-11,3.100000e-11,2.745000e-11,2.783000e-11,3.158000e-11,2.278000e-11,4.613000e-11,2.038000e-11,3.720000e-11,1.450000e-11,4.121000e-12,1.812000e-11,6.165000e-12,2.083000e-11,3.180000e-11,2.289000e-11,3.502000e-11,1.825000e-11,5.060000e-11,5.338000e-11,2.080000e-11,3.706000e-11,6.350000e-12,2.056000e-11,4.229000e-11,4.609000e-11,2.641000e-12,6.447000e-12,3.544000e-11,3.070000e-11,8.041000e-12,1.276000e-11,2.466000e-11,1.006000e-11,1.602000e-10,1.083000e-11,1.250000e-11,3.771000e-12,5.486000e-12,9.871000e-11,3.312000e-11,1.242000e-11,2.142000e-11,6.101000e-12
2.130000e-05,6.367000e-12,1.580000e-11,3.798000e-12,3.800000e-12,4.436000e-12,1.012000e-11,1.972000e-11,9.061000e-12,1.467000e-11,1.714000e-11,4.811000e-12,5.477000e-12,2.396000e-11,9.837000e-12,2.154000e-11,2.900000e-11,1.830000e-11,6.574000e-12,1.449000e-11,3.503000e-11,3.662000e-11,2.017000e-11,3.331000e-11,2.787000e-11,1.178000e-11,1.205000e-11,2.070000e-11,2.640000e-11,2.530000e-11,2.580000e-11,2.915000e-11,2.025000e-11,4.255000e-11,1.799000e-11,3.288000e-11,1.327000e-11,3.571000e-12,1.720000e-11,5.288000e-12,1.921000e-11,2.831000e-11,2.088000e-11,3.162000e-11,1.735000e-11,4.634000e-11,4.807000e-11,1.938000e-11,3.517000e-11,5.971000e-12,1.844000e-11,3.860000e-11,4.196000e-11,2.316000e-12,5.271000e-12,3.234000e-11,2.850000e-11,7.657000e-12,1.191000e-11,2.284000e-11,9.534000e-12,1.467000e-10,1.003000e-11,1.102000e-11,3.558000e-12,5.081000e-12,9.104000e-11,3.081000e-11,1.134000e-11,2.005000e-11,5.212000e-12
2.442000e-05,5.840000e-12,1.366000e-11,3.263000e-12,3.485000e-12,4.103000e-12,9.808000e-12,1.726000e-11,7.877000e-12,1.315000e-11,1.550000e-11,4.419000e-12,5.119000e-12,2.127000e-11,8.522000e-12,1.916000e-11,2.526000e-11,1.649000e-11,6.241000e-12,1.391000e-11,3.386000e-11,3.242000e-11,1.862000e-11,3.008000e-11,2.502000e-11,1.054000e-11,1.084000e-11,2.014000e-11,2.235000e-11,2.311000e-11,2.376000e-11,2.675000e-11,1.785000e-11,3.906000e-11,1.577000e-11,2.894000e-11,1.208000e-11,3.057000e-12,1.626000e-11,4.495000e-12,1.760000e-11,2.510000e-11,1.899000e-11,2.850000e-11,1.642000e-11,4.221000e-11,4.314000e-11,1.798000e-11,3.325000e-11,5.570000e-12,1.648000e-11,3.506000e-11,3.812000e-11,2.002000e-12,4.356000e-12,2.939000e-11,2.638000e-11,7.261000e-12,1.108000e-11,2.111000e-11,8.994000e-12,1.338000e-10,9.302000e-12,9.614000e-12,3.304000e-12,4.727000e-12,8.374000e-11,2.855000e-11,1.029000e-11,1.867000e-11,4.545000e-12
2.801000e-05,5.347000e-12,1.173000e-11,2.825000e-12,3.170000e-12,3.784000e-12,9.483000e-12,1.501000e-11,6.835000e-12,1.166000e-11,1.403000e-11,4.036000e-12,4.739000e-12,1.876000e-11,7.383000e-12,1.690000e-11,2.191000e-11,1.474000e-11,5.895000e-12,1.330000e-11,3.264000e-11,2.849000e-11,1.704000e-11,2.705000e-11,2.233000e-11,9.382000e-12,9.728000e-12,1.954000e-11,1.870000e-11,2.095000e-11,2.175000e-11,2.444000e-11,1.562000e-11,3.560000e-11,1.368000e-11,2.523000e-11,1.092000e-11,2.590000e-12,1.529000e-11,3.795000e-12,1.605000e-11,2.205000e-11,1.717000e-11,2.559000e-11,1.546000e-11,3.816000e-11,3.843000e-11,1.658000e-11,3.122000e-11,5.161000e-12,1.461000e-11,3.160000e-11,3.445000e-11,1.724000e-12,3.621000e-12,2.651000e-11,2.430000e-11,6.852000e-12,1.025000e-11,1.941000e-11,8.420000e-12,1.212000e-10,8.631000e-12,8.256000e-12,3.080000e-12,4.394000e-12,7.661000e-11,2.626000e-11,9.234000e-12,1.730000e-11,4.040000e-12
3.229000e-05,4.900000e-12,1.003000e-11,2.473000e-12,2.870000e-12,3.487000e-12,9.158000e-12,1.302000e-11,5.933000e-12,1.024000e-11,1.263000e-11,3.649000e-12,4.364000e-12,1.648000e-11,6.418000e-12,1.475000e-11,1.891000e-11,1.313000e-11,5.545000e-12,1.269000e-11,3.138000e-11,2.495000e-11,1.536000e-11,2.422000e-11,1.982000e-11,8.332000e-12,8.737000e-12,1.893000e-11,1.550000e-11,1.884000e-11,1.980000e-11,2.221000e-11,1.359000e-11,3.227000e-11,1.179000e-11,2.188000e-11,9.820000e-12,2.171000e-12,1.434000e-11,3.182000e-12,1.457000e-11,1.927000e-11,1.547000e-11,2.293000e-11,1.450000e-11,3.433000e-11,3.407000e-11,1.525000e-11,2.922000e-11,4.752000e-12,1.289000e-11,2.835000e-11,3.106000e-11,1.477000e-12,3.032000e-12,2.380000e-11,2.233000e-11,6.451000e-12,9.449000e-12,1.782000e-11,7.851000e-12,1.093000e-10,8.016000e-12,6.962000e-12,2.869000e-12,4.034000e-12,6.987000e-11,2.406000e-11,8.079000e-12,1.596000e-11,3.659000e-12
3.704000e-05,4.503000e-12,8.547000e-12,2.199000e-12,2.578000e-12,3.214000e-12,8.834000e-12,1.124000e-11,5.148000e-12,8.901000e-12,1.136000e-11,3.299000e-12,3.993000e-12,1.442000e-11,5.600000e-12,1.284000e-11,1.624000e-11,1.162000e-11,5.182000e-12,1.206000e-11,3.007000e-11,2.175000e-11,1.387000e-11,2.157000e-11,1.750000e-11,7.375000e-12,7.864000e-12,1.829000e-11,1.273000e-11,1.682000e-11,1.792000e-11,2.010000e-11,1.175000e-11,2.907000e-11,1.009000e-11,1.886000e-11,8.796000e-12,1.795000e-12,1.342000e-11,2.651000e-12,1.316000e-11,1.674000e-11,1.389000e-11,2.050000e-11,1.354000e-11,3.070000e-11,3.003000e-11,1.398000e-11,2.722000e-11,4.347000e-12,1.132000e-11,2.530000e-11,2.793000e-11,1.256000e-12,2.566000e-12,2.126000e-11,2.047000e-11,6.059000e-12,8.669000e-12,1.632000e-11,7.278000e-12,9.808000e-11,7.459000e-12,5.726000e-12,2.660000e-12,3.717000e-12,6.346000e-11,2.193000e-11,7.050000e-12,1.464000e-11,3.383000e-12
4.259000e-05,4.134000e-12,7.215000e-12,1.974000e-12,2.290000e-12,2.958000e-12,8.492000e-12,9.626000e-12,4.457000e-12,7.590000e-12,1.018000e-11,2.970000e-12,3.614000e-12,1.249000e-11,4.895000e-12,1.110000e-11,1.386000e-11,1.018000e-11,4.811000e-12,1.144000e-11,2.872000e-11,1.879000e-11,1.243000e-11,1.910000e-11,1.534000e-11,6.481000e-12,7.054000e-12,1.762000e-11,1.026000e-11,1.488000e-11,1.611000e-11,1.806000e-11,1.007000e-11,2.593000e-11,8.526000e-12,1.606000e-11,7.813000e-12,1.463000e-12,1.248000e-11,2.194000e-12,1.182000e-11,1.440000e-11,1.238000e-11,1.822000e-11,1.257000e-11,2.716000e-11,2.618000e-11,1.270000e-11,2.514000e-11,3.957000e-12,9.837000e-12,2.239000e-11,2.494000e-11,1.061000e-12,2.188000e-12,1.881000e-11,1.867000e-11,5.663000e-12,7.885000e-12,1.484000e-11,6.679000e-12,8.711000e-11,6.924000e-12,4.562000e-12,2.457000e-12,3.426000e-12,5.718000e-11,1.980000e-11,6.122000e-12,1.336000e-11,3.173000e-12
4.884000e-05,3.790000e-12,6.080000e-12,1.793000e-12,2.011000e-12,2.723000e-12,8.129000e-12,8.231000e-12,3.888000e-12,6.397000e-12,9.108000e-12,2.646000e-12,3.245000e-12,1.077000e-11,4.314000e-12,9.487000e-12,1.177000e-11,8.876000e-12,4.432000e-12,1.081000e-11,2.734000e-11,1.621000e-11,1.102000e-11,1.683000e-11,1.337000e-11,5.684000e-12,6.325000e-12,1.691000e-11,8.222000e-12,1.306000e-11,1.440000e-11,1.614000e-11,8.572000e-12,2.299000e-11,7.160000e-12,1.358000e-11,6.915000e-12,1.185000e-12,1.155000e-11,1.806000e-12,1.058000e-11,1.235000e-11,1.098000e-11,1.616000e-11,1.162000e-11,2.388000e-11,2.270000e-11,1.149000e-11,2.308000e-11,3.593000e-12,8.509000e-12,1.971000e-11,2.221000e-11,8.910000e-13,1.904000e-12,1.656000e-11,1.700000e-11,5.266000e-12,7.134000e-12,1.345000e-11,6.084000e-12,7.695000e-11,6.418000e-12,3.599000e-12,2.268000e-12,3.154000e-12,5.136000e-11,1.778000e-11,5.262000e-12,1.212000e-11,2.999000e-12
5.613000e-05,3.463000e-12,5.140000e-12,1.651000e-12,1.753000e-12,2.504000e-12,7.767000e-12,7.046000e-12,3.423000e-12,5.342000e-12,8.180000e-12,2.344000e-12,2.895000e-12,9.272000e-12,3.836000e-12,8.054000e-12,1.000000e-11,7.712000e-12,4.056000e-12,1.020000e-11,2.596000e-11,1.399000e-11,9.707000e-12,1.480000e-11,1.162000e-11,4.980000e-12,5.671000e-12,1.619000e-11,6.574000e-12,1.141000e-11,1.283000e-11,1.437000e-11,7.274000e-12,2.029000e-11,6.000000e-12,1.143000e-11,6.114000e-12,9.664000e-13,1.066000e-11,1.480000e-12,9.458000e-12,1.057000e-11,9.723000e-12,1.434000e-11,1.069000e-11,2.089000e-11,1.961000e-11,1.037000e-11,2.106000e-11,3.265000e-12,7.345000e-12,1.730000e-11,1.976000e-11,7.459000e-13,1.693000e-12,1.453000e-11,1.543000e-11,4.887000e-12,6.447000e-12,1.215000e-11,5.507000e-12,6.763000e-11,5.941000e-12,2.866000e-12,2.089000e-12,2.893000e-12,4.600000e-11,1.588000e-11,4.470000e-12,1.095000e-11,2.841000e-12
6.447000e-05,3.174000e-12,4.360000e-12,1.544000e-12,1.526000e-12,2.303000e-12,7.400000e-12,6.042000e-12,3.036000e-12,4.415000e-12,7.316000e-12,2.065000e-12,2.568000e-12,7.995000e-12,3.439000e-12,6.784000e-12,8.501000e-12,6.688000e-12,3.690000e-12,9.601000e-12,2.458000e-11,1.209000e-11,8.484000e-12,1.300000e-11,1.009000e-11,4.368000e-12,5.098000e-12,1.546000e-11,5.266000e-12,9.917000e-12,1.139000e-11,1.274000e-11,6.156000e-12,1.783000e-11,5.043000e-12,9.614000e-12,5.401000e-12,7.961000e-13,9.804000e-12,1.208000e-12,8.454000e-12,9.053000e-12,8.598000e-12,1.272000e-11,9.812000e-12,1.823000e-11,1.691000e-11,9.327000e-12,1.914000e-11,2.973000e-12,6.329000e-12,1.515000e-11,1.756000e-11,6.224000e-13,1.534000e-12,1.274000e-11,1.396000e-11,4.529000e-12,5.827000e-12,1.095000e-11,4.959000e-12,5.924000e-11,5.494000e-12,2.346000e-12,1.916000e-12,2.643000e-12,4.113000e-11,1.414000e-11,3.741000e-12,9.820000e-12,2.697000e-12
7.407000e-05,2.934000e-12,3.708000e-12,1.454000e-12,1.327000e-12,2.114000e-12,7.033000e-12,5.191000e-12,2.702000e-12,3.599000e-12,6.536000e-12,1.811000e-12,2.257000e-12,6.894000e-12,3.101000e-12,5.671000e-12,7.227000e-12,5.781000e-12,3.338000e-12,9.019000e-12,2.319000e-11,1.045000e-11,7.366000e-12,1.139000e-11,8.737000e-12,3.828000e-12,4.600000e-12,1.472000e-11,4.229000e-12,8.551000e-12,1.008000e-11,1.125000e-11,5.203000e-12,1.557000e-11,4.242000e-12,8.079000e-12,4.761000e-12,6.599000e-13,8.981000e-12,9.842000e-13,7.556000e-12,7.750000e-12,7.586000e-12,1.127000e-11,8.964000e-12,1.583000e-11,1.454000e-11,8.361000e-12,1.728000e-11,2.705000e-12,5.435000e-12,1.321000e-11,1.558000e-11,5.199000e-13,1.414000e-12,1.114000e-11,1.257000e-11,4.179000e-12,5.237000e-12,9.837000e-12,4.440000e-12,5.161000e-11,5.077000e-12,2.001000e-12,1.751000e-12,2.403000e-12,3.666000e-11,1.251000e-11,3.091000e-12,8.758000e-12,2.559000e-12
8.507000e-05,2.724000e-12,3.149000e-12,1.363000e-12,1.143000e-12,1.930000e-12,6.658000e-12,4.444000e-12,2.406000e-12,2.876000e-12,5.810000e-12,1.582000e-12,1.954000e-12,5.916000e-12,2.797000e-12,4.693000e-12,6.135000e-12,4.963000e-12,3.003000e-12,8.446000e-12,2.179000e-11,8.990000e-12,6.350000e-12,9.934000e-12,7.531000e-12,3.345000e-12,4.173000e-12,1.396000e-11,3.387000e-12,7.312000e-12,8.872000e-12,9.867000e-12,4.373000e-12,1.349000e-11,3.558000e-12,6.755000e-12,4.182000e-12,5.519000e-13,8.172000e-12,8.024000e-13,6.746000e-12,6.607000e-12,6.645000e-12,9.938000e-12,8.134000e-12,1.362000e-11,1.242000e-11,7.459000e-12,1.546000e-11,2.453000e-12,4.638000e-12,1.142000e-11,1.376000e-11,4.356000e-13,1.321000e-12,9.681000e-12,1.126000e-11,3.832000e-12,4.659000e-12,8.791000e-12,3.927000e-12,4.453000e-11,4.676000e-12,1.789000e-12,1.592000e-12,2.172000e-12,3.245000e-11,1.099000e-11,2.519000e-12,7.767000e-12,2.417000e-12
9.768000e-05,2.521000e-12,2.678000e-12,1.275000e-12,9.778000e-13,1.752000e-12,6.274000e-12,3.807000e-12,2.152000e-12,2.265000e-12,5.144000e-12,1.375000e-12,1.666000e-12,5.051000e-12,2.526000e-12,3.836000e-12,5.186000e-12,4.250000e-12,2.685000e-12,7.881000e-12,2.038000e-11,7.716000e-12,5.431000e-12,8.627000e-12,6.468000e-12,2.923000e-12,3.796000e-12,1.317000e-11,2.723000e-12,6.207000e-12,7.771000e-12,8.602000e-12,3.652000e-12,1.162000e-11,2.990000e-12,5.642000e-12,3.677000e-12,4.685000e-13,7.392000e-12,6.569000e-13,6.013000e-12,5.625000e-12,5.802000e-12,8.733000e-12,7.328000e-12,1.166000e-11,1.056000e-11,6.616000e-12,1.373000e-11,2.214000e-12,3.945000e-12,9.833000e-12,1.211000e-11,3.679000e-13,1.243000e-12,8.391000e-12,1.011000e-11,3.499000e-12,4.112000e-12,7.822000e-12,3.441000e-12,3.817000e-11,4.297000e-12,1.659000e-12,1.442000e-12,1.950000e-12,2.860000e-11,9.597000e-12,2.020000e-12,6.848000e-12,2.272000e-12
1.123000e-04,2.317000e-12,2.280000e-12,1.199000e-12,8.311000e-13,1.584000e-12,5.886000e-12,3.259000e-12,1.934000e-12,1.752000e-12,4.558000e-12,1.194000e-12,1.396000e-12,4.301000e-12,2.292000e-12,3.103000e-12,4.368000e-12,3.618000e-12,2.383000e-12,7.324000e-12,1.897000e-11,6.607000e-12,4.621000e-12,7.463000e-12,5.532000e-12,2.543000e-12,3.446000e-12,1.238000e-11,2.216000e-12,5.237000e-12,6.759000e-12,7.451000e-12,3.026000e-12,9.943000e-12,2.522000e-12,4.701000e-12,3.237000e-12,3.973000e-13,6.654000e-12,5.427000e-13,5.347000e-12,4.782000e-12,5.039000e-12,7.640000e-12,6.552000e-12,9.909000e-12,8.922000e-12,5.831000e-12,1.210000e-11,1.992000e-12,3.349000e-12,8.425000e-12,1.063000e-11,3.131000e-13,1.171000e-12,7.248000e-12,9.049000e-12,3.181000e-12,3.606000e-12,6.915000e-12,2.994000e-12,3.247000e-11,3.931000e-12,1.552000e-12,1.300000e-12,1.736000e-12,2.507000e-11,8.332000e-12,1.591000e-12,5.992000e-12,2.123000e-12
1.289000e-04,2.128000e-12,1.943000e-12,1.127000e-12,7.118000e-13,1.427000e-12,5.494000e-12,2.787000e-12,1.738000e-12,1.326000e-12,4.023000e-12,1.037000e-12,1.159000e-12,3.655000e-12,2.088000e-12,2.483000e-12,3.667000e-12,3.066000e-12,2.094000e-12,6.789000e-12,1.757000e-11,5.642000e-12,3.904000e-12,6.439000e-12,4.710000e-12,2.197000e-12,3.127000e-12,1.159000e-11,1.833000e-12,4.381000e-12,5.840000e-12,6.413000e-12,2.493000e-12,8.454000e-12,2.139000e-12,3.907000e-12,2.854000e-12,3.282000e-13,5.979000e-12,4.520000e-13,4.731000e-12,4.060000e-12,4.360000e-12,6.658000e-12,5.823000e-12,8.366000e-12,7.501000e-12,5.111000e-12,1.058000e-11,1.782000e-12,2.842000e-12,7.172000e-12,9.285000e-12,2.685000e-13,1.101000e-12,6.236000e-12,8.041000e-12,2.879000e-12,3.143000e-12,6.093000e-12,2.593000e-12,2.741000e-11,3.586000e-12,1.440000e-12,1.166000e-12,1.533000e-12,2.185000e-11,7.193000e-12,1.227000e-12,5.191000e-12,1.970000e-12
1.481000e-04,1.945000e-12,1.652000e-12,1.051000e-12,5.996000e-13,1.273000e-12,5.111000e-12,2.375000e-12,1.550000e-12,9.829000e-13,3.516000e-12,8.981000e-13,9.373000e-13,3.090000e-12,1.896000e-12,1.965000e-12,3.063000e-12,2.586000e-12,1.814000e-12,6.299000e-12,1.621000e-11,4.782000e-12,3.278000e-12,5.528000e-12,3.998000e-12,1.885000e-12,2.829000e-12,1.085000e-11,1.523000e-12,3.629000e-12,5.009000e-12,5.477000e-12,2.047000e-12,7.143000e-12,1.815000e-12,3.239000e-12,2.512000e-12,2.616000e-13,5.309000e-12,3.749000e-13,4.163000e-12,3.431000e-12,3.755000e-12,5.777000e-12,5.148000e-12,7.008000e-12,6.295000e-12,4.465000e-12,9.201000e-12,1.584000e-12,2.407000e-12,6.089000e-12,8.075000e-12,2.315000e-13,1.029000e-12,5.330000e-12,7.109000e-12,2.583000e-12,2.721000e-12,5.355000e-12,2.226000e-12,2.300000e-11,3.246000e-12,1.327000e-12,1.040000e-12,1.341000e-12,1.894000e-11,6.165000e-12,9.276000e-13,4.457000e-12,1.836000e-12
1.701000e-04,1.758000e-12,1.396000e-12,9.715000e-13,4.954000e-13,1.125000e-12,4.739000e-12,2.012000e-12,1.371000e-12,7.033000e-13,3.058000e-12,7.662000e-13,7.430000e-13,2.577000e-12,1.715000e-12,1.537000e-12,2.544000e-12,2.160000e-12,1.550000e-12,5.848000e-12,1.490000e-11,4.012000e-12,2.738000e-12,4.735000e-12,3.378000e-12,1.607000e-12,2.539000e-12,1.013000e-11,1.261000e-12,2.979000e-12,4.271000e-12,4.642000e-12,1.672000e-12,5.975000e-12,1.526000e-12,2.667000e-12,2.194000e-12,2.028000e-13,4.680000e-12,3.078000e-13,3.636000e-12,2.872000e-12,3.207000e-12,4.980000e-12,4.524000e-12,5.815000e-12,5.245000e-12,3.893000e-12,7.940000e-12,1.401000e-12,2.022000e-12,5.132000e-12,6.983000e-12,2.006000e-13,9.626000e-13,4.520000e-12,6.274000e-12,2.296000e-12,2.338000e-12,4.672000e-12,1.889000e-12,1.912000e-11,2.919000e-12,1.230000e-12,9.222000e-13,1.164000e-12,1.630000e-11,5.229000e-12,6.827000e-13,3.792000e-12,1.720000e-12
1.956000e-04,1.590000e-12,1.183000e-12,8.960000e-13,4.061000e-13,1.006000e-12,4.385000e-12,1.713000e-12,1.223000e-12,4.879000e-13,2.647000e-12,6.477000e-13,5.844000e-13,2.155000e-12,1.557000e-12,1.184000e-12,2.100000e-12,1.801000e-12,1.325000e-12,5.389000e-12,1.362000e-11,3.373000e-12,2.274000e-12,4.055000e-12,2.848000e-12,1.373000e-12,2.280000e-12,9.386000e-12,1.076000e-12,2.429000e-12,3.629000e-12,3.912000e-12,1.354000e-12,4.967000e-12,1.283000e-12,2.205000e-12,1.937000e-12,1.593000e-13,4.100000e-12,2.529000e-13,3.153000e-12,2.404000e-12,2.735000e-12,4.297000e-12,3.952000e-12,4.803000e-12,4.351000e-12,3.380000e-12,6.789000e-12,1.229000e-12,1.703000e-12,4.318000e-12,6.030000e-12,1.750000e-13,9.040000e-13,3.838000e-12,5.519000e-12,2.034000e-12,2.000000e-12,4.072000e-12,1.602000e-12,1.581000e-11,2.622000e-12,1.152000e-12,8.129000e-13,9.993000e-13,1.398000e-11,4.440000e-12,4.858000e-13,3.196000e-12,1.575000e-12
2.245000e-04,1.443000e-12,1.006000e-12,8.243000e-13,3.431000e-13,9.116000e-13,4.042000e-12,1.463000e-12,1.104000e-12,3.281000e-13,2.301000e-12,5.612000e-13,4.642000e-13,1.818000e-12,1.415000e-12,9.036000e-13,1.727000e-12,1.504000e-12,1.143000e-12,4.933000e-12,1.239000e-11,2.856000e-12,1.893000e-12,3.468000e-12,2.399000e-12,1.171000e-12,2.049000e-12,8.598000e-12,9.479000e-13,1.971000e-12,3.067000e-12,3.281000e-12,1.085000e-12,4.120000e-12,1.082000e-12,1.831000e-12,1.732000e-12,1.280000e-13,3.590000e-12,2.089000e-13,2.719000e-12,2.026000e-12,2.331000e-12,3.710000e-12,3.425000e-12,3.955000e-12,3.598000e-12,2.927000e-12,5.751000e-12,1.060000e-12,1.440000e-12,3.632000e-12,5.195000e-12,1.539000e-13,8.408000e-13,3.264000e-12,4.841000e-12,1.809000e-12,1.703000e-12,3.541000e-12,1.355000e-12,1.301000e-11,2.354000e-12,1.074000e-12,7.118000e-13,8.509000e-13,1.195000e-11,3.781000e-12,3.347000e-13,2.659000e-12,1.403000e-12
2.581000e-04,1.305000e-12,8.395000e-13,7.468000e-13,2.950000e-13,8.125000e-13,3.709000e-12,1.240000e-12,9.909000e-13,2.109000e-13,1.982000e-12,5.039000e-13,3.639000e-13,1.524000e-12,1.272000e-12,6.877000e-13,1.413000e-12,1.251000e-12,9.862000e-13,4.486000e-12,1.121000e-11,2.397000e-12,1.581000e-12,2.950000e-12,2.015000e-12,9.884000e-13,1.831000e-12,7.801000e-12,8.366000e-13,1.584000e-12,2.571000e-12,2.735000e-12,8.610000e-13,3.399000e-12,9.133000e-13,1.507000e-12,1.540000e-12,1.036000e-13,3.116000e-12,1.713000e-13,2.333000e-12,1.697000e-12,1.971000e-12,3.178000e-12,2.942000e-12,3.233000e-12,2.963000e-12,2.524000e-12,4.836000e-12,8.931000e-13,1.214000e-12,3.040000e-12,4.440000e-12,1.368000e-13,7.670000e-13,2.762000e-12,4.201000e-12,1.595000e-12,1.433000e-12,3.047000e-12,1.132000e-12,1.062000e-11,2.092000e-12,9.825000e-13,6.186000e-13,7.177000e-13,1.014000e-11,3.197000e-12,2.267000e-13,2.173000e-12,1.227000e-12
2.963000e-04,1.169000e-12,6.801000e-13,6.599000e-13,2.540000e-13,7.063000e-13,3.388000e-12,1.041000e-12,8.699000e-13,1.284000e-13,1.677000e-12,4.613000e-13,2.816000e-13,1.261000e-12,1.127000e-12,5.233000e-13,1.149000e-12,1.040000e-12,8.467000e-13,4.035000e-12,1.006000e-11,1.973000e-12,1.323000e-12,2.490000e-12,1.681000e-12,8.273000e-13,1.623000e-12,7.025000e-12,7.333000e-13,1.256000e-12,2.134000e-12,2.262000e-12,6.772000e-13,2.790000e-12,7.662000e-13,1.225000e-12,1.351000e-12,8.501000e-14,2.669000e-12,1.392000e-13,1.989000e-12,1.395000e-12,1.646000e-12,2.692000e-12,2.502000e-12,2.620000e-12,2.433000e-12,2.164000e-12,4.042000e-12,7.341000e-13,1.024000e-12,2.522000e-12,3.756000e-12,1.226000e-13,6.877000e-13,2.325000e-12,3.605000e-12,1.379000e-12,1.192000e-12,2.594000e-12,9.382000e-13,8.598000e-12,1.834000e-12,8.779000e-13,5.330000e-13,6.004000e-13,8.513000e-12,2.680000e-12,1.520000e-13,1.733000e-12,1.053000e-12
3.403000e-04,1.033000e-12,5.414000e-13,5.684000e-13,2.235000e-13,6.063000e-13,3.079000e-12,8.657000e-13,7.476000e-13,7.366000e-14,1.401000e-12,4.335000e-13,2.202000e-13,1.035000e-12,9.858000e-13,3.984000e-13,9.285000e-13,8.631000e-13,7.240000e-13,3.618000e-12,8.969000e-12,1.602000e-12,1.110000e-12,2.085000e-12,1.391000e-12,6.919000e-13,1.424000e-12,6.270000e-12,6.363000e-13,9.820000e-13,1.756000e-12,1.854000e-12,5.279000e-13,2.280000e-12,6.321000e-13,9.850000e-13,1.170000e-12,7.042000e-14,2.268000e-12,1.139000e-13,1.684000e-12,1.125000e-12,1.361000e-12,2.254000e-12,2.106000e-12,2.104000e-12,1.992000e-12,1.849000e-12,3.357000e-12,5.865000e-13,8.631000e-13,2.076000e-12,3.142000e-12,1.103000e-13,6.068000e-13,1.943000e-12,3.069000e-12,1.176000e-12,9.854000e-13,2.185000e-12,7.729000e-13,6.894000e-12,1.593000e-12,7.725000e-13,4.550000e-13,4.967000e-13,7.084000e-12,2.228000e-12,1.007000e-13,1.343000e-12,8.821000e-13
3.912000e-04,8.981000e-13,4.276000e-13,4.769000e-13,1.974000e-13,5.153000e-13,2.785000e-12,7.092000e-13,6.338000e-13,3.952000e-14,1.147000e-12,4.129000e-13,1.720000e-13,8.458000e-13,8.517000e-13,3.045000e-13,7.425000e-13,7.113000e-13,6.160000e-13,3.213000e-12,7.940000e-12,1.288000e-12,9.335000e-13,1.733000e-12,1.138000e-12,5.768000e-13,1.230000e-12,5.545000e-12,5.448000e-13,7.577000e-13,1.431000e-12,1.505000e-12,4.050000e-13,1.855000e-12,5.111000e-13,7.826000e-13,9.976000e-13,5.768000e-14,1.898000e-12,9.323000e-14,1.413000e-12,8.964000e-13,1.119000e-12,1.868000e-12,1.752000e-12,1.673000e-12,1.626000e-12,1.569000e-12,2.774000e-12,4.546000e-13,7.261000e-13,1.695000e-12,2.604000e-12,9.867000e-14,5.254000e-13,1.612000e-12,2.586000e-12,9.964000e-13,8.066000e-13,1.821000e-12,6.312000e-13,5.473000e-12,1.373000e-12,6.666000e-13,3.834000e-13,4.051000e-13,5.840000e-12,1.839000e-12,6.443000e-14,1.017000e-12,7.236000e-13
